City,level_1,pollutants,avg_aqi_2022_2025,Good,Moderate,Poor,Satisfactory,Severe,Very Poor
Agartala,top1_pollutant,PM2.5 (583),126.6975845410628,220,249,215,318,0,33
Agartala,top2_pollutant,PM10 (457),126.6975845410628,220,249,215,318,0,33
Agartala,top3_pollutant,O3 (64),126.6975845410628,220,249,215,318,0,33
Agartala,top4_pollutant,SO2 (52),126.6975845410628,220,249,215,318,0,33
Agartala,top5_pollutant,CO (2),126.6975845410628,220,249,215,318,0,33
Agra,top1_pollutant,PM10 (953),84.2328888888889,248,330,12,535,0,0
Agra,top2_pollutant,PM2.5 (522),84.2328888888889,248,330,12,535,0,0
Agra,top3_pollutant,O3 (180),84.2328888888889,248,330,12,535,0,0
Agra,top4_pollutant,NO2 (105),84.2328888888889,248,330,12,535,0,0
Agra,top5_pollutant,SO2 (64),84.2328888888889,248,330,12,535,0,0
Ahmedabad,top1_pollutant,PM2.5 (708),113.5985727029438,26,632,33,430,0,0
Ahmedabad,top2_pollutant,PM10 (675),113.5985727029438,26,632,33,430,0,0
Ahmedabad,top3_pollutant,NO2 (138),113.5985727029438,26,632,33,430,0,0
Ahmedabad,top4_pollutant,O3 (130),113.5985727029438,26,632,33,430,0,0
Ahmedabad,top5_pollutant,CO (95),113.5985727029438,26,632,33,430,0,0
Ahmednagar,top1_pollutant,PM10 (194),121.683908045977,30,162,38,118,0,0
Ahmednagar,top2_pollutant,O3 (109),121.683908045977,30,162,38,118,0,0
Ahmednagar,top3_pollutant,PM2.5 (38),121.683908045977,30,162,38,118,0,0
Ahmednagar,top4_pollutant,CO (7),121.683908045977,30,162,38,118,0,0
Aizawl,top1_pollutant,PM10 (847),47.247,630,70,0,300,0,0
Aizawl,top2_pollutant,SO2 (69),47.247,630,70,0,300,0,0
Aizawl,top3_pollutant,O3 (56),47.247,630,70,0,300,0,0
Aizawl,top4_pollutant,CO (26),47.247,630,70,0,300,0,0
Aizawl,top5_pollutant,PM2.5 (2),47.247,630,70,0,300,0,0
Ajmer,top1_pollutant,PM10 (742),101.08522727272727,36,413,29,578,0,0
Ajmer,top2_pollutant,PM2.5 (235),101.08522727272727,36,413,29,578,0,0
Ajmer,top3_pollutant,O3 (71),101.08522727272727,36,413,29,578,0,0
Ajmer,top4_pollutant,NO2 (5),101.08522727272727,36,413,29,578,0,0
Ajmer,top5_pollutant,CO (2),101.08522727272727,36,413,29,578,0,0
Akola,top1_pollutant,PM10 (617),94.29881656804734,130,270,12,260,0,4
Akola,top2_pollutant,PM2.5 (49),94.29881656804734,130,270,12,260,0,4
Akola,top3_pollutant,CO (7),94.29881656804734,130,270,12,260,0,4
Akola,top4_pollutant,O3 (3),94.29881656804734,130,270,12,260,0,4
Alwar,top1_pollutant,PM10 (834),89.92882882882883,54,259,25,772,0,0
Alwar,top2_pollutant,PM2.5 (194),89.92882882882883,54,259,25,772,0,0
Alwar,top3_pollutant,NO2 (63),89.92882882882883,54,259,25,772,0,0
Alwar,top4_pollutant,CO (18),89.92882882882883,54,259,25,772,0,0
Alwar,top5_pollutant,O3 (1),89.92882882882883,54,259,25,772,0,0
Amaravati,top1_pollutant,PM10 (503),68.97641509433963,436,160,29,435,0,0
Amaravati,top2_pollutant,O3 (217),68.97641509433963,436,160,29,435,0,0
Amaravati,top3_pollutant,CO (173),68.97641509433963,436,160,29,435,0,0
Amaravati,top4_pollutant,PM2.5 (156),68.97641509433963,436,160,29,435,0,0
Amaravati,top5_pollutant,NO2 (7),68.97641509433963,436,160,29,435,0,0
Ambala,top1_pollutant,PM2.5 (367),111.2,84,364,53,391,1,7
Ambala,top2_pollutant,PM10 (343),111.2,84,364,53,391,1,7
Ambala,top3_pollutant,CO (113),111.2,84,364,53,391,1,7
Ambala,top4_pollutant,O3 (46),111.2,84,364,53,391,1,7
Ambala,top5_pollutant,NO2 (21),111.2,84,364,53,391,1,7
Amravati,top1_pollutant,PM10 (612),90.86023054755043,161,276,9,247,0,1
Amravati,top2_pollutant,PM2.5 (102),90.86023054755043,161,276,9,247,0,1
Amravati,top3_pollutant,O3 (82),90.86023054755043,161,276,9,247,0,1
Amravati,top4_pollutant,CO (16),90.86023054755043,161,276,9,247,0,1
Amritsar,top1_pollutant,PM2.5 (514),121.93275696445725,17,469,98,448,0,9
Amritsar,top2_pollutant,PM10 (391),121.93275696445725,17,469,98,448,0,9
Amritsar,top3_pollutant,O3 (70),121.93275696445725,17,469,98,448,0,9
Amritsar,top4_pollutant,CO (39),121.93275696445725,17,469,98,448,0,9
Amritsar,top5_pollutant,NO2 (27),121.93275696445725,17,469,98,448,0,9
Anantapur,top1_pollutant,PM10 (536),67.1964956195244,209,65,0,525,0,0
Anantapur,top2_pollutant,PM2.5 (123),67.1964956195244,209,65,0,525,0,0
Anantapur,top3_pollutant,O3 (117),67.1964956195244,209,65,0,525,0,0
Anantapur,top4_pollutant,CO (17),67.1964956195244,209,65,0,525,0,0
Anantapur,top5_pollutant,NO2 (4),67.1964956195244,209,65,0,525,0,0
Angul,top1_pollutant,PM2.5 (260),163.70137524557956,23,203,123,124,0,36
Angul,top2_pollutant,PM10 (135),163.70137524557956,23,203,123,124,0,36
Angul,top3_pollutant,CO (57),163.70137524557956,23,203,123,124,0,36
Angul,top4_pollutant,O3 (53),163.70137524557956,23,203,123,124,0,36
Angul,top5_pollutant,NO2 (3),163.70137524557956,23,203,123,124,0,36
Ankleshwar,top1_pollutant,PM2.5 (414),108.85535900104058,63,363,78,456,0,1
Ankleshwar,top2_pollutant,PM10 (268),108.85535900104058,63,363,78,456,0,1
Ankleshwar,top3_pollutant,CO (173),108.85535900104058,63,363,78,456,0,1
Ankleshwar,top4_pollutant,O3 (53),108.85535900104058,63,363,78,456,0,1
Ankleshwar,top5_pollutant,NO2 (45),108.85535900104058,63,363,78,456,0,1
Araria,top1_pollutant,PM2.5 (388),165.14439140811456,56,308,174,203,0,97
Araria,top2_pollutant,PM10 (340),165.14439140811456,56,308,174,203,0,97
Araria,top3_pollutant,CO (63),165.14439140811456,56,308,174,203,0,97
Araria,top4_pollutant,O3 (37),165.14439140811456,56,308,174,203,0,97
Araria,top5_pollutant,NO2 (10),165.14439140811456,56,308,174,203,0,97
Ariyalur,top1_pollutant,PM10 (399),51.66954022988506,423,37,3,233,0,0
Ariyalur,top2_pollutant,NO2 (112),51.66954022988506,423,37,3,233,0,0
Ariyalur,top3_pollutant,PM2.5 (109),51.66954022988506,423,37,3,233,0,0
Ariyalur,top4_pollutant,SO2 (58),51.66954022988506,423,37,3,233,0,0
Ariyalur,top5_pollutant,CO (18),51.66954022988506,423,37,3,233,0,0
Arrah,top1_pollutant,PM10 (420),153.5997693194925,46,343,126,260,0,92
Arrah,top2_pollutant,PM2.5 (291),153.5997693194925,46,343,126,260,0,92
Arrah,top3_pollutant,O3 (105),153.5997693194925,46,343,126,260,0,92
Arrah,top4_pollutant,CO (26),153.5997693194925,46,343,126,260,0,92
Arrah,top5_pollutant,NO2 (25),153.5997693194925,46,343,126,260,0,92
Asansol,top1_pollutant,PM2.5 (609),145.45497185741087,87,421,214,296,0,48
Asansol,top2_pollutant,PM10 (475),145.45497185741087,87,421,214,296,0,48
Asansol,top3_pollutant,O3 (78),145.45497185741087,87,421,214,296,0,48
Asansol,top4_pollutant,NO2 (45),145.45497185741087,87,421,214,296,0,48
Asansol,top5_pollutant,CO (40),145.45497185741087,87,421,214,296,0,48
Aurangabad,top1_pollutant,PM10 (1347),121.65577227200843,187,837,149,666,2,56
Aurangabad,top2_pollutant,PM2.5 (593),121.65577227200843,187,837,149,666,2,56
Aurangabad,top3_pollutant,O3 (235),121.65577227200843,187,837,149,666,2,56
Aurangabad,top4_pollutant,CO (110),121.65577227200843,187,837,149,666,2,56
Aurangabad,top5_pollutant,NO2 (24),121.65577227200843,187,837,149,666,2,56
Baddi,top1_pollutant,PM10 (407),160.25703564727954,11,575,197,229,4,50
Baddi,top2_pollutant,O3 (333),160.25703564727954,11,575,197,229,4,50
Baddi,top3_pollutant,PM2.5 (321),160.25703564727954,11,575,197,229,4,50
Baddi,top4_pollutant,SO2 (3),160.25703564727954,11,575,197,229,4,50
Baddi,top5_pollutant,CO (1),160.25703564727954,11,575,197,229,4,50
Badlapur,top1_pollutant,PM10 (439),116.52215189873418,98,294,60,176,0,4
Badlapur,top2_pollutant,PM2.5 (133),116.52215189873418,98,294,60,176,0,4
Badlapur,top3_pollutant,O3 (48),116.52215189873418,98,294,60,176,0,4
Badlapur,top4_pollutant,CO (8),116.52215189873418,98,294,60,176,0,4
Badlapur,top5_pollutant,NO2 (4),116.52215189873418,98,294,60,176,0,4
Bagalkot,top1_pollutant,PM10 (858),46.456585365853655,863,0,0,162,0,0
Bagalkot,top2_pollutant,PM2.5 (86),46.456585365853655,863,0,0,162,0,0
Bagalkot,top3_pollutant,O3 (49),46.456585365853655,863,0,0,162,0,0
Bagalkot,top4_pollutant,CO (31),46.456585365853655,863,0,0,162,0,0
Bagalkot,top5_pollutant,SO2 (1),46.456585365853655,863,0,0,162,0,0
Baghpat,top1_pollutant,PM10 (525),157.289500509684,79,415,233,201,0,53
Baghpat,top2_pollutant,PM2.5 (305),157.289500509684,79,415,233,201,0,53
Baghpat,top3_pollutant,O3 (100),157.289500509684,79,415,233,201,0,53
Baghpat,top4_pollutant,CO (38),157.289500509684,79,415,233,201,0,53
Baghpat,top5_pollutant,NO2 (13),157.289500509684,79,415,233,201,0,53
Bahadurgarh,top1_pollutant,PM10 (442),165.31487513572205,72,318,233,220,9,69
Bahadurgarh,top2_pollutant,PM2.5 (438),165.31487513572205,72,318,233,220,9,69
Bahadurgarh,top3_pollutant,CO (17),165.31487513572205,72,318,233,220,9,69
Bahadurgarh,top4_pollutant,O3 (15),165.31487513572205,72,318,233,220,9,69
Bahadurgarh,top5_pollutant,NO2 (9),165.31487513572205,72,318,233,220,9,69
Balasore,top1_pollutant,PM2.5 (196),141.32761904761904,14,209,76,200,1,25
Balasore,top2_pollutant,PM10 (151),141.32761904761904,14,209,76,200,1,25
Balasore,top3_pollutant,CO (129),141.32761904761904,14,209,76,200,1,25
Balasore,top4_pollutant,O3 (49),141.32761904761904,14,209,76,200,1,25
Ballabgarh,top1_pollutant,PM10 (459),155.53340517241378,73,320,234,244,0,57
Ballabgarh,top2_pollutant,PM2.5 (400),155.53340517241378,73,320,234,244,0,57
Ballabgarh,top3_pollutant,CO (55),155.53340517241378,73,320,234,244,0,57
Ballabgarh,top4_pollutant,SO2 (8),155.53340517241378,73,320,234,244,0,57
Ballabgarh,top5_pollutant,O3 (3),155.53340517241378,73,320,234,244,0,57
Banswara,top1_pollutant,PM10 (416),116.77523553162854,47,392,44,257,0,3
Banswara,top2_pollutant,PM2.5 (156),116.77523553162854,47,392,44,257,0,3
Banswara,top3_pollutant,O3 (152),116.77523553162854,47,392,44,257,0,3
Banswara,top4_pollutant,CO (14),116.77523553162854,47,392,44,257,0,3
Banswara,top5_pollutant,SO2 (3),116.77523553162854,47,392,44,257,0,3
Baran,top1_pollutant,PM10 (332),114.23720930232558,71,316,43,214,0,1
Baran,top2_pollutant,O3 (165),114.23720930232558,71,316,43,214,0,1
Baran,top3_pollutant,PM2.5 (144),114.23720930232558,71,316,43,214,0,1
Baran,top4_pollutant,CO (4),114.23720930232558,71,316,43,214,0,1
Barbil,top1_pollutant,PM10 (298),144.2485549132948,34,282,91,108,0,4
Barbil,top2_pollutant,PM2.5 (113),144.2485549132948,34,282,91,108,0,4
Barbil,top3_pollutant,O3 (93),144.2485549132948,34,282,91,108,0,4
Barbil,top4_pollutant,CO (15),144.2485549132948,34,282,91,108,0,4
Bareilly,top1_pollutant,PM10 (798),77.16360116166506,316,240,14,463,0,0
Bareilly,top2_pollutant,SO2 (236),77.16360116166506,316,240,14,463,0,0
Bareilly,top3_pollutant,PM2.5 (227),77.16360116166506,316,240,14,463,0,0
Bareilly,top4_pollutant,CO (53),77.16360116166506,316,240,14,463,0,0
Bareilly,top5_pollutant,O3 (35),77.16360116166506,316,240,14,463,0,0
Baripada,top1_pollutant,PM10 (302),125.31226765799256,87,333,104,267,0,16
Baripada,top2_pollutant,PM2.5 (287),125.31226765799256,87,333,104,267,0,16
Baripada,top3_pollutant,O3 (175),125.31226765799256,87,333,104,267,0,16
Baripada,top4_pollutant,CO (42),125.31226765799256,87,333,104,267,0,16
Baripada,top5_pollutant,NO2 (1),125.31226765799256,87,333,104,267,0,16
Barmer,top1_pollutant,PM10 (546),104.97329773030708,47,335,16,347,0,4
Barmer,top2_pollutant,O3 (143),104.97329773030708,47,335,16,347,0,4
Barmer,top3_pollutant,PM2.5 (59),104.97329773030708,47,335,16,347,0,4
Barmer,top4_pollutant,CO (1),104.97329773030708,47,335,16,347,0,4
Barrackpore,top1_pollutant,PM10 (236),134.46170212765958,53,140,99,163,0,15
Barrackpore,top2_pollutant,PM2.5 (213),134.46170212765958,53,140,99,163,0,15
Barrackpore,top3_pollutant,CO (17),134.46170212765958,53,140,99,163,0,15
Barrackpore,top4_pollutant,O3 (4),134.46170212765958,53,140,99,163,0,15
Bathinda,top1_pollutant,PM10 (671),108.7978196233895,111,387,41,443,0,27
Bathinda,top2_pollutant,PM2.5 (227),108.7978196233895,111,387,41,443,0,27
Bathinda,top3_pollutant,CO (96),108.7978196233895,111,387,41,443,0,27
Bathinda,top4_pollutant,NO2 (11),108.7978196233895,111,387,41,443,0,27
Bathinda,top5_pollutant,SO2 (4),108.7978196233895,111,387,41,443,0,27
Begusarai,top1_pollutant,PM2.5 (344),206.68041237113403,54,173,122,89,59,85
Begusarai,top2_pollutant,PM10 (167),206.68041237113403,54,173,122,89,59,85
Begusarai,top3_pollutant,NO2 (33),206.68041237113403,54,173,122,89,59,85
Begusarai,top4_pollutant,CO (29),206.68041237113403,54,173,122,89,59,85
Begusarai,top5_pollutant,O3 (8),206.68041237113403,54,173,122,89,59,85
Belapur,top1_pollutant,PM10 (433),101.16290322580645,125,302,18,175,0,0
Belapur,top2_pollutant,O3 (64),101.16290322580645,125,302,18,175,0,0
Belapur,top3_pollutant,NO2 (50),101.16290322580645,125,302,18,175,0,0
Belapur,top4_pollutant,PM2.5 (50),101.16290322580645,125,302,18,175,0,0
Belapur,top5_pollutant,CO (22),101.16290322580645,125,302,18,175,0,0
Belgaum,top1_pollutant,PM10 (432),69.75060827250608,335,109,11,367,0,0
Belgaum,top2_pollutant,CO (289),69.75060827250608,335,109,11,367,0,0
Belgaum,top3_pollutant,PM2.5 (76),69.75060827250608,335,109,11,367,0,0
Belgaum,top4_pollutant,NO2 (25),69.75060827250608,335,109,11,367,0,0
Bengaluru,top1_pollutant,PM10 (1035),74.88533333333334,169,143,0,813,0,0
Bengaluru,top2_pollutant,PM2.5 (490),74.88533333333334,169,143,0,813,0,0
Bengaluru,top3_pollutant,CO (338),74.88533333333334,169,143,0,813,0,0
Bengaluru,top4_pollutant,O3 (156),74.88533333333334,169,143,0,813,0,0
Bengaluru,top5_pollutant,NO2 (55),74.88533333333334,169,143,0,813,0,0
Bettiah,top1_pollutant,PM10 (393),162.19391634980988,38,318,118,221,25,69
Bettiah,top2_pollutant,PM2.5 (292),162.19391634980988,38,318,118,221,25,69
Bettiah,top3_pollutant,CO (92),162.19391634980988,38,318,118,221,25,69
Bettiah,top4_pollutant,O3 (10),162.19391634980988,38,318,118,221,25,69
Bettiah,top5_pollutant,NO2 (2),162.19391634980988,38,318,118,221,25,69
Bhagalpur,top1_pollutant,PM2.5 (602),164.69797421731124,39,384,188,328,15,132
Bhagalpur,top2_pollutant,PM10 (513),164.69797421731124,39,384,188,328,15,132
Bhagalpur,top3_pollutant,CO (90),164.69797421731124,39,384,188,328,15,132
Bhagalpur,top4_pollutant,NO2 (79),164.69797421731124,39,384,188,328,15,132
Bhagalpur,top5_pollutant,O3 (78),164.69797421731124,39,384,188,328,15,132
Bharatpur,top1_pollutant,PM10 (388),137.13299232736574,82,373,108,191,0,28
Bharatpur,top2_pollutant,PM2.5 (202),137.13299232736574,82,373,108,191,0,28
Bharatpur,top3_pollutant,O3 (149),137.13299232736574,82,373,108,191,0,28
Bharatpur,top4_pollutant,CO (40),137.13299232736574,82,373,108,191,0,28
Bharatpur,top5_pollutant,NO2 (3),137.13299232736574,82,373,108,191,0,28
Bhilai,top1_pollutant,PM10 (728),72.47154471544715,250,137,10,464,0,0
Bhilai,top2_pollutant,PM2.5 (230),72.47154471544715,250,137,10,464,0,0
Bhilai,top3_pollutant,CO (163),72.47154471544715,250,137,10,464,0,0
Bhilai,top4_pollutant,O3 (157),72.47154471544715,250,137,10,464,0,0
Bhilai,top5_pollutant,NO2 (43),72.47154471544715,250,137,10,464,0,0
Bhilwara,top1_pollutant,PM10 (324),112.75577557755776,67,234,57,242,0,6
Bhilwara,top2_pollutant,PM2.5 (212),112.75577557755776,67,234,57,242,0,6
Bhilwara,top3_pollutant,O3 (63),112.75577557755776,67,234,57,242,0,6
Bhilwara,top4_pollutant,CO (7),112.75577557755776,67,234,57,242,0,6
Bhiwadi,top1_pollutant,PM10 (656),181.6075022872827,13,491,286,189,8,106
Bhiwadi,top2_pollutant,PM2.5 (532),181.6075022872827,13,491,286,189,8,106
Bhiwadi,top3_pollutant,O3 (42),181.6075022872827,13,491,286,189,8,106
Bhiwadi,top4_pollutant,NO2 (32),181.6075022872827,13,491,286,189,8,106
Bhiwadi,top5_pollutant,CO (27),181.6075022872827,13,491,286,189,8,106
Bhiwandi,top1_pollutant,PM10 (394),108.3594548551959,83,264,38,202,0,0
Bhiwandi,top2_pollutant,PM2.5 (160),108.3594548551959,83,264,38,202,0,0
Bhiwandi,top3_pollutant,O3 (25),108.3594548551959,83,264,38,202,0,0
Bhiwandi,top4_pollutant,CO (4),108.3594548551959,83,264,38,202,0,0
Bhiwandi,top5_pollutant,NO2 (4),108.3594548551959,83,264,38,202,0,0
Bhiwani,top1_pollutant,PM2.5 (550),141.23982869379014,41,371,155,322,4,41
Bhiwani,top2_pollutant,PM10 (275),141.23982869379014,41,371,155,322,4,41
Bhiwani,top3_pollutant,CO (59),141.23982869379014,41,371,155,322,4,41
Bhiwani,top4_pollutant,O3 (45),141.23982869379014,41,371,155,322,4,41
Bhiwani,top5_pollutant,NO2 (4),141.23982869379014,41,371,155,322,4,41
Bhopal,top1_pollutant,PM10 (789),118.75583482944344,106,545,100,358,0,5
Bhopal,top2_pollutant,PM2.5 (318),118.75583482944344,106,545,100,358,0,5
Bhopal,top3_pollutant,O3 (302),118.75583482944344,106,545,100,358,0,5
Bhopal,top4_pollutant,CO (88),118.75583482944344,106,545,100,358,0,5
Bhopal,top5_pollutant,NO2 (11),118.75583482944344,106,545,100,358,0,5
Bhubaneswar,top1_pollutant,PM10 (249),123.90018832391713,80,155,89,197,0,10
Bhubaneswar,top2_pollutant,O3 (217),123.90018832391713,80,155,89,197,0,10
Bhubaneswar,top3_pollutant,PM2.5 (217),123.90018832391713,80,155,89,197,0,10
Bhubaneswar,top4_pollutant,CO (98),123.90018832391713,80,155,89,197,0,10
Bidar,top1_pollutant,PM10 (258),80.9267461669506,122,127,5,333,0,0
Bidar,top2_pollutant,CO (181),80.9267461669506,122,127,5,333,0,0
Bidar,top3_pollutant,PM2.5 (98),80.9267461669506,122,127,5,333,0,0
Bidar,top4_pollutant,NH3 (31),80.9267461669506,122,127,5,333,0,0
Bidar,top5_pollutant,SO2 (17),80.9267461669506,122,127,5,333,0,0
Bihar Sharif,top1_pollutant,PM10 (520),134.80825242718447,122,334,86,221,4,57
Bihar Sharif,top2_pollutant,PM2.5 (176),134.80825242718447,122,334,86,221,4,57
Bihar Sharif,top3_pollutant,CO (64),134.80825242718447,122,334,86,221,4,57
Bihar Sharif,top4_pollutant,O3 (61),134.80825242718447,122,334,86,221,4,57
Bihar Sharif,top5_pollutant,NO2 (3),134.80825242718447,122,334,86,221,4,57
Bikaner,top1_pollutant,PM10 (597),156.76119402985074,19,421,127,134,1,35
Bikaner,top2_pollutant,PM2.5 (106),156.76119402985074,19,421,127,134,1,35
Bikaner,top3_pollutant,O3 (30),156.76119402985074,19,421,127,134,1,35
Bikaner,top4_pollutant,CO (2),156.76119402985074,19,421,127,134,1,35
Bikaner,top5_pollutant,NO2 (2),156.76119402985074,19,421,127,134,1,35
Bilaspur,top1_pollutant,PM10 (547),68.96367521367522,204,103,3,626,0,0
Bilaspur,top2_pollutant,CO (262),68.96367521367522,204,103,3,626,0,0
Bilaspur,top3_pollutant,PM2.5 (125),68.96367521367522,204,103,3,626,0,0
Bilaspur,top4_pollutant,NO2 (2),68.96367521367522,204,103,3,626,0,0
Bileipada,top1_pollutant,PM10 (640),151.44558258642766,38,453,142,134,0,14
Bileipada,top2_pollutant,PM2.5 (125),151.44558258642766,38,453,142,134,0,14
Bileipada,top3_pollutant,O3 (14),151.44558258642766,38,453,142,134,0,14
Bileipada,top4_pollutant,CO (1),151.44558258642766,38,453,142,134,0,14
Bileipada,top5_pollutant,SO2 (1),151.44558258642766,38,453,142,134,0,14
Boisar,top1_pollutant,PM10 (277),99.9155672823219,39,158,15,167,0,0
Boisar,top2_pollutant,PM2.5 (90),99.9155672823219,39,158,15,167,0,0
Boisar,top3_pollutant,O3 (11),99.9155672823219,39,158,15,167,0,0
Boisar,top4_pollutant,CO (1),99.9155672823219,39,158,15,167,0,0
Brajrajnagar,top1_pollutant,PM10 (442),87.02230971128608,142,216,9,395,0,0
Brajrajnagar,top2_pollutant,CO (224),87.02230971128608,142,216,9,395,0,0
Brajrajnagar,top3_pollutant,O3 (62),87.02230971128608,142,216,9,395,0,0
Brajrajnagar,top4_pollutant,PM2.5 (14),87.02230971128608,142,216,9,395,0,0
Brajrajnagar,top5_pollutant,SO2 (12),87.02230971128608,142,216,9,395,0,0
Bulandshahr,top1_pollutant,PM10 (632),148.0627802690583,109,513,252,211,2,28
Bulandshahr,top2_pollutant,PM2.5 (376),148.0627802690583,109,513,252,211,2,28
Bulandshahr,top3_pollutant,O3 (89),148.0627802690583,109,513,252,211,2,28
Bulandshahr,top4_pollutant,CO (17),148.0627802690583,109,513,252,211,2,28
Bulandshahr,top5_pollutant,SO2 (1),148.0627802690583,109,513,252,211,2,28
Bundi,top1_pollutant,PM10 (381),133.20872274143304,38,378,74,144,0,8
Bundi,top2_pollutant,PM2.5 (132),133.20872274143304,38,378,74,144,0,8
Bundi,top3_pollutant,O3 (109),133.20872274143304,38,378,74,144,0,8
Bundi,top4_pollutant,CO (20),133.20872274143304,38,378,74,144,0,8
Buxar,top1_pollutant,PM10 (218),152.14566929133858,29,216,80,142,4,37
Buxar,top2_pollutant,PM2.5 (170),152.14566929133858,29,216,80,142,4,37
Buxar,top3_pollutant,CO (80),152.14566929133858,29,216,80,142,4,37
Buxar,top4_pollutant,O3 (40),152.14566929133858,29,216,80,142,4,37
Byasanagar,top1_pollutant,O3 (198),130.56949806949808,72,215,83,143,0,5
Byasanagar,top2_pollutant,PM2.5 (170),130.56949806949808,72,215,83,143,0,5
Byasanagar,top3_pollutant,PM10 (101),130.56949806949808,72,215,83,143,0,5
Byasanagar,top4_pollutant,CO (49),130.56949806949808,72,215,83,143,0,5
Byrnihat,top1_pollutant,PM2.5 (526),239.9954268292683,4,143,245,67,17,180
Byrnihat,top2_pollutant,PM10 (116),239.9954268292683,4,143,245,67,17,180
Byrnihat,top3_pollutant,CO (7),239.9954268292683,4,143,245,67,17,180
Byrnihat,top4_pollutant,NO2 (3),239.9954268292683,4,143,245,67,17,180
Byrnihat,top5_pollutant,O3 (3),239.9954268292683,4,143,245,67,17,180
Chamarajanagar,top1_pollutant,PM10 (1062),43.05860465116279,1030,0,0,45,0,0
Chamarajanagar,top2_pollutant,CO (9),43.05860465116279,1030,0,0,45,0,0
Chamarajanagar,top3_pollutant,O3 (2),43.05860465116279,1030,0,0,45,0,0
Chamarajanagar,top4_pollutant,NO2 (1),43.05860465116279,1030,0,0,45,0,0
Chamarajanagar,top5_pollutant,PM2.5 (1),43.05860465116279,1030,0,0,45,0,0
Chandigarh,top1_pollutant,PM10 (689),141.5617777777778,63,518,177,320,1,46
Chandigarh,top2_pollutant,PM2.5 (606),141.5617777777778,63,518,177,320,1,46
Chandigarh,top3_pollutant,O3 (420),141.5617777777778,63,518,177,320,1,46
Chandigarh,top4_pollutant,CO (54),141.5617777777778,63,518,177,320,1,46
Chandigarh,top5_pollutant,NO2 (6),141.5617777777778,63,518,177,320,1,46
Chandrapur,top1_pollutant,PM10 (573),108.32427536231884,152,474,68,403,0,7
Chandrapur,top2_pollutant,PM2.5 (452),108.32427536231884,152,474,68,403,0,7
Chandrapur,top3_pollutant,O3 (202),108.32427536231884,152,474,68,403,0,7
Chandrapur,top4_pollutant,CO (72),108.32427536231884,152,474,68,403,0,7
Chandrapur,top5_pollutant,NO2 (33),108.32427536231884,152,474,68,403,0,7
Charkhi Dadri,top1_pollutant,PM2.5 (795),155.44814462416747,69,434,249,249,3,47
Charkhi Dadri,top2_pollutant,PM10 (241),155.44814462416747,69,434,249,249,3,47
Charkhi Dadri,top3_pollutant,CO (13),155.44814462416747,69,434,249,249,3,47
Charkhi Dadri,top4_pollutant,NO2 (2),155.44814462416747,69,434,249,249,3,47
Chengalpattu,top1_pollutant,PM10 (182),82.44117647058823,75,57,11,229,0,2
Chengalpattu,top2_pollutant,PM2.5 (133),82.44117647058823,75,57,11,229,0,2
Chengalpattu,top3_pollutant,CO (28),82.44117647058823,75,57,11,229,0,2
Chengalpattu,top4_pollutant,NO2 (16),82.44117647058823,75,57,11,229,0,2
Chengalpattu,top5_pollutant,SO2 (15),82.44117647058823,75,57,11,229,0,2
Chennai,top1_pollutant,PM10 (725),74.0080142475512,159,142,7,815,0,0
Chennai,top2_pollutant,CO (584),74.0080142475512,159,142,7,815,0,0
Chennai,top3_pollutant,PM2.5 (524),74.0080142475512,159,142,7,815,0,0
Chennai,top4_pollutant,O3 (206),74.0080142475512,159,142,7,815,0,0
Chennai,top5_pollutant,NO2 (112),74.0080142475512,159,142,7,815,0,0
Chhal,top1_pollutant,PM10 (304),76.049766718507,163,105,7,368,0,0
Chhal,top2_pollutant,O3 (138),76.049766718507,163,105,7,368,0,0
Chhal,top3_pollutant,PM2.5 (131),76.049766718507,163,105,7,368,0,0
Chhal,top4_pollutant,CO (62),76.049766718507,163,105,7,368,0,0
Chhal,top5_pollutant,NO2 (8),76.049766718507,163,105,7,368,0,0
Chhapra,top1_pollutant,PM10 (434),176.2456896551724,36,298,187,257,17,133
Chhapra,top2_pollutant,PM2.5 (359),176.2456896551724,36,298,187,257,17,133
Chhapra,top3_pollutant,CO (96),176.2456896551724,36,298,187,257,17,133
Chhapra,top4_pollutant,SO2 (23),176.2456896551724,36,298,187,257,17,133
Chhapra,top5_pollutant,NO2 (9),176.2456896551724,36,298,187,257,17,133
Chikkaballapur,top1_pollutant,PM10 (679),63.977337110481585,458,161,1,439,0,0
Chikkaballapur,top2_pollutant,PM2.5 (219),63.977337110481585,458,161,1,439,0,0
Chikkaballapur,top3_pollutant,O3 (100),63.977337110481585,458,161,1,439,0,0
Chikkaballapur,top4_pollutant,CO (53),63.977337110481585,458,161,1,439,0,0
Chikkaballapur,top5_pollutant,NO2 (7),63.977337110481585,458,161,1,439,0,0
Chikkamagaluru,top1_pollutant,PM10 (656),47.45570971184632,597,8,0,332,0,0
Chikkamagaluru,top2_pollutant,O3 (156),47.45570971184632,597,8,0,332,0,0
Chikkamagaluru,top3_pollutant,CO (57),47.45570971184632,597,8,0,332,0,0
Chikkamagaluru,top4_pollutant,PM2.5 (47),47.45570971184632,597,8,0,332,0,0
Chikkamagaluru,top5_pollutant,NO2 (19),47.45570971184632,597,8,0,332,0,0
Chittoor,top1_pollutant,PM2.5 (278),73.9618320610687,170,109,3,372,0,1
Chittoor,top2_pollutant,O3 (235),73.9618320610687,170,109,3,372,0,1
Chittoor,top3_pollutant,PM10 (129),73.9618320610687,170,109,3,372,0,1
Chittoor,top4_pollutant,CO (13),73.9618320610687,170,109,3,372,0,1
Chittorgarh,top1_pollutant,PM10 (414),129.45296671490593,18,384,63,218,0,8
Chittorgarh,top2_pollutant,PM2.5 (174),129.45296671490593,18,384,63,218,0,8
Chittorgarh,top3_pollutant,O3 (96),129.45296671490593,18,384,63,218,0,8
Chittorgarh,top4_pollutant,CO (6),129.45296671490593,18,384,63,218,0,8
Chittorgarh,top5_pollutant,NH3 (1),129.45296671490593,18,384,63,218,0,8
Churu,top1_pollutant,PM10 (341),138.99283667621776,32,302,103,232,5,24
Churu,top2_pollutant,O3 (202),138.99283667621776,32,302,103,232,5,24
Churu,top3_pollutant,PM2.5 (150),138.99283667621776,32,302,103,232,5,24
Churu,top4_pollutant,CO (5),138.99283667621776,32,302,103,232,5,24
Coimbatore,top1_pollutant,PM2.5 (416),69.56385869565217,270,117,5,342,0,2
Coimbatore,top2_pollutant,PM10 (251),69.56385869565217,270,117,5,342,0,2
Coimbatore,top3_pollutant,CO (100),69.56385869565217,270,117,5,342,0,2
Coimbatore,top4_pollutant,SO2 (59),69.56385869565217,270,117,5,342,0,2
Coimbatore,top5_pollutant,O3 (25),69.56385869565217,270,117,5,342,0,2
Cuddalore,top1_pollutant,PM2.5 (429),65.38530734632684,329,92,15,230,0,1
Cuddalore,top2_pollutant,PM10 (274),65.38530734632684,329,92,15,230,0,1
Cuddalore,top3_pollutant,NO2 (160),65.38530734632684,329,92,15,230,0,1
Cuddalore,top4_pollutant,NH3 (9),65.38530734632684,329,92,15,230,0,1
Cuddalore,top5_pollutant,SO2 (7),65.38530734632684,329,92,15,230,0,1
Cuttack,top1_pollutant,PM10 (205),128.26162790697674,78,149,94,179,0,16
Cuttack,top2_pollutant,PM2.5 (162),128.26162790697674,78,149,94,179,0,16
Cuttack,top3_pollutant,O3 (109),128.26162790697674,78,149,94,179,0,16
Cuttack,top4_pollutant,CO (40),128.26162790697674,78,149,94,179,0,16
Damoh,top1_pollutant,PM10 (422),58.64987714987715,414,95,5,300,0,0
Damoh,top2_pollutant,PM2.5 (221),58.64987714987715,414,95,5,300,0,0
Damoh,top3_pollutant,CO (93),58.64987714987715,414,95,5,300,0,0
Damoh,top4_pollutant,SO2 (78),58.64987714987715,414,95,5,300,0,0
Darbhanga,top1_pollutant,PM10 (159),190.08984375,21,65,28,73,27,42
Darbhanga,top2_pollutant,PM2.5 (72),190.08984375,21,65,28,73,27,42
Darbhanga,top3_pollutant,CO (16),190.08984375,21,65,28,73,27,42
Darbhanga,top4_pollutant,O3 (5),190.08984375,21,65,28,73,27,42
Darbhanga,top5_pollutant,NO2 (4),190.08984375,21,65,28,73,27,42
Dausa,top1_pollutant,PM10 (545),143.08625336927224,18,447,91,170,0,16
Dausa,top2_pollutant,PM2.5 (102),143.08625336927224,18,447,91,170,0,16
Dausa,top3_pollutant,O3 (60),143.08625336927224,18,447,91,170,0,16
Dausa,top4_pollutant,CO (25),143.08625336927224,18,447,91,170,0,16
Dausa,top5_pollutant,NO2 (10),143.08625336927224,18,447,91,170,0,16
Davanagere,top1_pollutant,PM10 (577),56.85027322404372,425,75,3,412,0,0
Davanagere,top2_pollutant,PM2.5 (242),56.85027322404372,425,75,3,412,0,0
Davanagere,top3_pollutant,O3 (55),56.85027322404372,425,75,3,412,0,0
Davanagere,top4_pollutant,CO (39),56.85027322404372,425,75,3,412,0,0
Davanagere,top5_pollutant,NO2 (1),56.85027322404372,425,75,3,412,0,0
Dehradun,top1_pollutant,PM10 (373),98.16263736263737,164,279,55,409,0,3
Dehradun,top2_pollutant,PM2.5 (235),98.16263736263737,164,279,55,409,0,3
Dehradun,top3_pollutant,O3 (190),98.16263736263737,164,279,55,409,0,3
Dehradun,top4_pollutant,CO (112),98.16263736263737,164,279,55,409,0,3
Delhi,top1_pollutant,PM2.5 (795),206.41688888888888,4,403,288,190,38,202
Delhi,top2_pollutant,PM10 (715),206.41688888888888,4,403,288,190,38,202
Delhi,top3_pollutant,O3 (246),206.41688888888888,4,403,288,190,38,202
Delhi,top4_pollutant,CO (105),206.41688888888888,4,403,288,190,38,202
Delhi,top5_pollutant,NO2 (67),206.41688888888888,4,403,288,190,38,202
Dewas,top1_pollutant,PM10 (680),103.22028985507247,157,475,41,357,0,5
Dewas,top2_pollutant,PM2.5 (251),103.22028985507247,157,475,41,357,0,5
Dewas,top3_pollutant,O3 (33),103.22028985507247,157,475,41,357,0,5
Dewas,top4_pollutant,NO2 (32),103.22028985507247,157,475,41,357,0,5
Dewas,top5_pollutant,CO (21),103.22028985507247,157,475,41,357,0,5
Dhanbad,top1_pollutant,PM10 (175),173.41575091575092,1,371,115,36,1,22
Dhanbad,top2_pollutant,CO (171),173.41575091575092,1,371,115,36,1,22
Dhanbad,top3_pollutant,NO2 (128),173.41575091575092,1,371,115,36,1,22
Dhanbad,top4_pollutant,PM2.5 (95),173.41575091575092,1,371,115,36,1,22
Dhanbad,top5_pollutant,SO2 (14),173.41575091575092,1,371,115,36,1,22
Dharuhera,top1_pollutant,PM10 (375),185.72251308900525,33,294,217,125,5,90
Dharuhera,top2_pollutant,PM2.5 (360),185.72251308900525,33,294,217,125,5,90
Dharuhera,top3_pollutant,O3 (19),185.72251308900525,33,294,217,125,5,90
Dharuhera,top4_pollutant,NO2 (10),185.72251308900525,33,294,217,125,5,90
Dharwad,top1_pollutant,PM10 (513),73.50075414781297,74,66,2,521,0,0
Dharwad,top2_pollutant,CO (93),73.50075414781297,74,66,2,521,0,0
Dharwad,top3_pollutant,PM2.5 (31),73.50075414781297,74,66,2,521,0,0
Dharwad,top4_pollutant,O3 (24),73.50075414781297,74,66,2,521,0,0
Dharwad,top5_pollutant,SO2 (2),73.50075414781297,74,66,2,521,0,0
Dholpur,top1_pollutant,PM10 (308),140.54103343465044,54,272,66,215,5,46
Dholpur,top2_pollutant,PM2.5 (230),140.54103343465044,54,272,66,215,5,46
Dholpur,top3_pollutant,O3 (116),140.54103343465044,54,272,66,215,5,46
Dholpur,top4_pollutant,CO (4),140.54103343465044,54,272,66,215,5,46
Dhule,top1_pollutant,PM10 (410),103.09415584415585,100,274,33,209,0,0
Dhule,top2_pollutant,PM2.5 (177),103.09415584415585,100,274,33,209,0,0
Dhule,top3_pollutant,O3 (21),103.09415584415585,100,274,33,209,0,0
Dhule,top4_pollutant,CO (8),103.09415584415585,100,274,33,209,0,0
Dindigul,top1_pollutant,PM10 (232),98.9405684754522,151,77,35,108,0,16
Dindigul,top2_pollutant,NO2 (69),98.9405684754522,151,77,35,108,0,16
Dindigul,top3_pollutant,SO2 (65),98.9405684754522,151,77,35,108,0,16
Dindigul,top4_pollutant,PM2.5 (17),98.9405684754522,151,77,35,108,0,16
Dindigul,top5_pollutant,O3 (4),98.9405684754522,151,77,35,108,0,16
Dungarpur,top1_pollutant,PM10 (249),103.74484536082474,19,152,12,205,0,0
Dungarpur,top2_pollutant,O3 (69),103.74484536082474,19,152,12,205,0,0
Dungarpur,top3_pollutant,PM2.5 (58),103.74484536082474,19,152,12,205,0,0
Dungarpur,top4_pollutant,CO (12),103.74484536082474,19,152,12,205,0,0
Durgapur,top1_pollutant,PM10 (707),137.5439453125,74,496,156,269,0,29
Durgapur,top2_pollutant,PM2.5 (410),137.5439453125,74,496,156,269,0,29
Durgapur,top3_pollutant,O3 (68),137.5439453125,74,496,156,269,0,29
Durgapur,top4_pollutant,CO (12),137.5439453125,74,496,156,269,0,29
Durgapur,top5_pollutant,SO2 (11),137.5439453125,74,496,156,269,0,29
Eloor,top1_pollutant,PM10 (397),63.32670807453416,119,2,0,684,0,0
Eloor,top2_pollutant,CO (214),63.32670807453416,119,2,0,684,0,0
Eloor,top3_pollutant,PM2.5 (187),63.32670807453416,119,2,0,684,0,0
Eloor,top4_pollutant,O3 (7),63.32670807453416,119,2,0,684,0,0
Ernakulam,top1_pollutant,CO (113),46.93939393939394,130,1,0,67,0,0
Ernakulam,top2_pollutant,NO2 (46),46.93939393939394,130,1,0,67,0,0
Ernakulam,top3_pollutant,PM10 (30),46.93939393939394,130,1,0,67,0,0
Ernakulam,top4_pollutant,PM2.5 (9),46.93939393939394,130,1,0,67,0,0
Faridabad,top1_pollutant,PM2.5 (879),181.92687385740402,17,448,287,216,14,112
Faridabad,top2_pollutant,PM10 (706),181.92687385740402,17,448,287,216,14,112
Faridabad,top3_pollutant,O3 (80),181.92687385740402,17,448,287,216,14,112
Faridabad,top4_pollutant,CO (40),181.92687385740402,17,448,287,216,14,112
Faridabad,top5_pollutant,SO2 (20),181.92687385740402,17,448,287,216,14,112
Fatehabad,top1_pollutant,PM2.5 (293),145.86043533930857,36,412,103,192,10,28
Fatehabad,top2_pollutant,PM10 (282),145.86043533930857,36,412,103,192,10,28
Fatehabad,top3_pollutant,O3 (161),145.86043533930857,36,412,103,192,10,28
Fatehabad,top4_pollutant,CO (36),145.86043533930857,36,412,103,192,10,28
Fatehabad,top5_pollutant,NO2 (9),145.86043533930857,36,412,103,192,10,28
Firozabad,top1_pollutant,PM10 (693),88.34375,174,284,25,604,0,1
Firozabad,top2_pollutant,PM2.5 (481),88.34375,174,284,25,604,0,1
Firozabad,top3_pollutant,O3 (173),88.34375,174,284,25,604,0,1
Firozabad,top4_pollutant,NO2 (17),88.34375,174,284,25,604,0,1
Firozabad,top5_pollutant,SO2 (17),88.34375,174,284,25,604,0,1
Gadag,top1_pollutant,PM10 (275),55.240635641316686,467,21,1,387,3,2
Gadag,top2_pollutant,O3 (209),55.240635641316686,467,21,1,387,3,2
Gadag,top3_pollutant,CO (167),55.240635641316686,467,21,1,387,3,2
Gadag,top4_pollutant,SO2 (112),55.240635641316686,467,21,1,387,3,2
Gadag,top5_pollutant,PM2.5 (103),55.240635641316686,467,21,1,387,3,2
Gandhi Nagar,top1_pollutant,PM10 (984),93.98657117278424,132,389,20,576,0,0
Gandhi Nagar,top2_pollutant,PM2.5 (645),93.98657117278424,132,389,20,576,0,0
Gandhi Nagar,top3_pollutant,O3 (34),93.98657117278424,132,389,20,576,0,0
Gandhi Nagar,top4_pollutant,CO (22),93.98657117278424,132,389,20,576,0,0
Gandhi Nagar,top5_pollutant,NO2 (9),93.98657117278424,132,389,20,576,0,0
Gangtok,top1_pollutant,O3 (413),53.688995215311,389,49,5,393,0,0
Gangtok,top2_pollutant,SO2 (219),53.688995215311,389,49,5,393,0,0
Gangtok,top3_pollutant,PM2.5 (118),53.688995215311,389,49,5,393,0,0
Gangtok,top4_pollutant,PM10 (83),53.688995215311,389,49,5,393,0,0
Gangtok,top5_pollutant,CO (3),53.688995215311,389,49,5,393,0,0
Gaya,top1_pollutant,PM2.5 (852),126.39301700984781,71,490,116,407,0,33
Gaya,top2_pollutant,PM10 (688),126.39301700984781,71,490,116,407,0,33
Gaya,top3_pollutant,O3 (266),126.39301700984781,71,490,116,407,0,33
Gaya,top4_pollutant,CO (181),126.39301700984781,71,490,116,407,0,33
Gaya,top5_pollutant,NO2 (22),126.39301700984781,71,490,116,407,0,33
Ghaziabad,top1_pollutant,PM10 (791),183.01067615658363,38,455,307,189,8,127
Ghaziabad,top2_pollutant,PM2.5 (578),183.01067615658363,38,455,307,189,8,127
Ghaziabad,top3_pollutant,O3 (146),183.01067615658363,38,455,307,189,8,127
Ghaziabad,top4_pollutant,CO (55),183.01067615658363,38,455,307,189,8,127
Ghaziabad,top5_pollutant,NO2 (26),183.01067615658363,38,455,307,189,8,127
Gorakhpur,top1_pollutant,PM10 (488),101.42763157894737,182,483,40,359,0,0
Gorakhpur,top2_pollutant,PM2.5 (394),101.42763157894737,182,483,40,359,0,0
Gorakhpur,top3_pollutant,SO2 (142),101.42763157894737,182,483,40,359,0,0
Gorakhpur,top4_pollutant,O3 (40),101.42763157894737,182,483,40,359,0,0
Greater Noida,top1_pollutant,PM10 (820),201.6019590382903,17,429,352,155,22,148
Greater Noida,top2_pollutant,PM2.5 (396),201.6019590382903,17,429,352,155,22,148
Greater Noida,top3_pollutant,O3 (138),201.6019590382903,17,429,352,155,22,148
Greater Noida,top4_pollutant,CO (47),201.6019590382903,17,429,352,155,22,148
Greater Noida,top5_pollutant,NO2 (19),201.6019590382903,17,429,352,155,22,148
Gummidipoondi,top1_pollutant,PM2.5 (466),107.39002267573696,117,345,66,352,0,2
Gummidipoondi,top2_pollutant,PM10 (400),107.39002267573696,117,345,66,352,0,2
Gummidipoondi,top3_pollutant,NO2 (14),107.39002267573696,117,345,66,352,0,2
Gummidipoondi,top4_pollutant,SO2 (2),107.39002267573696,117,345,66,352,0,2
Gurugram,top1_pollutant,PM2.5 (981),190.84821428571428,10,458,383,154,7,108
Gurugram,top2_pollutant,PM10 (483),190.84821428571428,10,458,383,154,7,108
Gurugram,top3_pollutant,O3 (131),190.84821428571428,10,458,383,154,7,108
Gurugram,top4_pollutant,CO (81),190.84821428571428,10,458,383,154,7,108
Gurugram,top5_pollutant,NO2 (3),190.84821428571428,10,458,383,154,7,108
Guwahati,top1_pollutant,PM2.5 (758),119.71045576407506,196,278,188,431,0,26
Guwahati,top2_pollutant,PM10 (574),119.71045576407506,196,278,188,431,0,26
Guwahati,top3_pollutant,O3 (153),119.71045576407506,196,278,188,431,0,26
Guwahati,top4_pollutant,SO2 (132),119.71045576407506,196,278,188,431,0,26
Guwahati,top5_pollutant,CO (106),119.71045576407506,196,278,188,431,0,26
Gwalior,top1_pollutant,PM10 (635),144.78145087235995,83,520,167,267,0,52
Gwalior,top2_pollutant,PM2.5 (588),144.78145087235995,83,520,167,267,0,52
Gwalior,top3_pollutant,O3 (389),144.78145087235995,83,520,167,267,0,52
Gwalior,top4_pollutant,CO (93),144.78145087235995,83,520,167,267,0,52
Gwalior,top5_pollutant,SO2 (7),144.78145087235995,83,520,167,267,0,52
Hajipur,top1_pollutant,PM10 (628),164.52539242843952,83,362,308,256,5,69
Hajipur,top2_pollutant,PM2.5 (375),164.52539242843952,83,362,308,256,5,69
Hajipur,top3_pollutant,O3 (65),164.52539242843952,83,362,308,256,5,69
Hajipur,top4_pollutant,NO2 (11),164.52539242843952,83,362,308,256,5,69
Hajipur,top5_pollutant,CO (4),164.52539242843952,83,362,308,256,5,69
Haldia,top1_pollutant,PM10 (750),86.83190883190883,386,286,59,318,0,4
Haldia,top2_pollutant,PM2.5 (132),86.83190883190883,386,286,59,318,0,4
Haldia,top3_pollutant,O3 (97),86.83190883190883,386,286,59,318,0,4
Haldia,top4_pollutant,CO (73),86.83190883190883,386,286,59,318,0,4
Haldia,top5_pollutant,SO2 (1),86.83190883190883,386,286,59,318,0,4
Hanumangarh,top1_pollutant,PM10 (465),177.82319660537482,26,335,132,119,17,78
Hanumangarh,top2_pollutant,PM2.5 (236),177.82319660537482,26,335,132,119,17,78
Hanumangarh,top3_pollutant,CO (4),177.82319660537482,26,335,132,119,17,78
Hanumangarh,top4_pollutant,O3 (2),177.82319660537482,26,335,132,119,17,78
Hapur,top1_pollutant,PM2.5 (456),137.13270142180096,126,351,175,341,4,58
Hapur,top2_pollutant,PM10 (341),137.13270142180096,126,351,175,341,4,58
Hapur,top3_pollutant,O3 (161),137.13270142180096,126,351,175,341,4,58
Hapur,top4_pollutant,CO (87),137.13270142180096,126,351,175,341,4,58
Hapur,top5_pollutant,NO2 (8),137.13270142180096,126,351,175,341,4,58
Hassan,top1_pollutant,PM10 (501),63.14675324675325,275,50,2,443,0,0
Hassan,top2_pollutant,PM2.5 (134),63.14675324675325,275,50,2,443,0,0
Hassan,top3_pollutant,SO2 (61),63.14675324675325,275,50,2,443,0,0
Hassan,top4_pollutant,NO2 (52),63.14675324675325,275,50,2,443,0,0
Hassan,top5_pollutant,CO (16),63.14675324675325,275,50,2,443,0,0
Haveri,top1_pollutant,PM10 (304),67.83763837638377,312,94,11,396,0,0
Haveri,top2_pollutant,CO (266),67.83763837638377,312,94,11,396,0,0
Haveri,top3_pollutant,PM2.5 (163),67.83763837638377,312,94,11,396,0,0
Haveri,top4_pollutant,NO2 (35),67.83763837638377,312,94,11,396,0,0
Haveri,top5_pollutant,SO2 (27),67.83763837638377,312,94,11,396,0,0
Hisar,top1_pollutant,PM2.5 (342),150.69260700389106,42,337,150,203,8,31
Hisar,top2_pollutant,PM10 (266),150.69260700389106,42,337,150,203,8,31
Hisar,top3_pollutant,O3 (138),150.69260700389106,42,337,150,203,8,31
Hisar,top4_pollutant,SO2 (15),150.69260700389106,42,337,150,203,8,31
Hisar,top5_pollutant,CO (10),150.69260700389106,42,337,150,203,8,31
Hosur,top1_pollutant,PM10 (213),85.65675675675676,76,103,4,187,0,0
Hosur,top2_pollutant,CO (101),85.65675675675676,76,103,4,187,0,0
Hosur,top3_pollutant,PM2.5 (53),85.65675675675676,76,103,4,187,0,0
Hosur,top4_pollutant,O3 (3),85.65675675675676,76,103,4,187,0,0
Howrah,top1_pollutant,PM10 (787),119.57777777777778,214,276,205,407,0,23
Howrah,top2_pollutant,PM2.5 (585),119.57777777777778,214,276,205,407,0,23
Howrah,top3_pollutant,CO (129),119.57777777777778,214,276,205,407,0,23
Howrah,top4_pollutant,O3 (121),119.57777777777778,214,276,205,407,0,23
Howrah,top5_pollutant,NO2 (87),119.57777777777778,214,276,205,407,0,23
Hubballi,top1_pollutant,PM10 (756),72.23827392120074,259,165,1,641,0,0
Hubballi,top2_pollutant,CO (289),72.23827392120074,259,165,1,641,0,0
Hubballi,top3_pollutant,PM2.5 (170),72.23827392120074,259,165,1,641,0,0
Hubballi,top4_pollutant,O3 (47),72.23827392120074,259,165,1,641,0,0
Hubballi,top5_pollutant,NO2 (11),72.23827392120074,259,165,1,641,0,0
Hyderabad,top1_pollutant,PM10 (1002),81.01244444444444,82,222,0,821,0,0
Hyderabad,top2_pollutant,PM2.5 (590),81.01244444444444,82,222,0,821,0,0
Hyderabad,top3_pollutant,CO (171),81.01244444444444,82,222,0,821,0,0
Hyderabad,top4_pollutant,O3 (152),81.01244444444444,82,222,0,821,0,0
Hyderabad,top5_pollutant,NO2 (119),81.01244444444444,82,222,0,821,0,0
Imphal,top1_pollutant,SO2 (682),100.9273607748184,15,368,15,423,2,3
Imphal,top2_pollutant,PM2.5 (212),100.9273607748184,15,368,15,423,2,3
Imphal,top3_pollutant,O3 (120),100.9273607748184,15,368,15,423,2,3
Imphal,top4_pollutant,PM10 (112),100.9273607748184,15,368,15,423,2,3
Indore,top1_pollutant,PM10 (850),97.64118705035972,105,394,32,581,0,0
Indore,top2_pollutant,PM2.5 (378),97.64118705035972,105,394,32,581,0,0
Indore,top3_pollutant,SO2 (112),97.64118705035972,105,394,32,581,0,0
Indore,top4_pollutant,NO2 (90),97.64118705035972,105,394,32,581,0,0
Indore,top5_pollutant,CO (82),97.64118705035972,105,394,32,581,0,0
Jabalpur,top1_pollutant,PM10 (690),112.11444141689373,116,459,84,433,0,9
Jabalpur,top2_pollutant,PM2.5 (369),112.11444141689373,116,459,84,433,0,9
Jabalpur,top3_pollutant,O3 (363),112.11444141689373,116,459,84,433,0,9
Jabalpur,top4_pollutant,CO (130),112.11444141689373,116,459,84,433,0,9
Jabalpur,top5_pollutant,NO2 (13),112.11444141689373,116,459,84,433,0,9
Jaipur,top1_pollutant,PM10 (825),131.37511111111112,57,638,123,300,0,7
Jaipur,top2_pollutant,PM2.5 (550),131.37511111111112,57,638,123,300,0,7
Jaipur,top3_pollutant,O3 (330),131.37511111111112,57,638,123,300,0,7
Jaipur,top4_pollutant,CO (76),131.37511111111112,57,638,123,300,0,7
Jaipur,top5_pollutant,NO2 (46),131.37511111111112,57,638,123,300,0,7
Jaisalmer,top1_pollutant,PM10 (531),128.31259044862517,17,369,62,228,0,15
Jaisalmer,top2_pollutant,PM2.5 (102),128.31259044862517,17,369,62,228,0,15
Jaisalmer,top3_pollutant,O3 (54),128.31259044862517,17,369,62,228,0,15
Jaisalmer,top4_pollutant,CO (4),128.31259044862517,17,369,62,228,0,15
Jalandhar,top1_pollutant,PM10 (783),109.85004516711834,74,452,84,495,0,2
Jalandhar,top2_pollutant,PM2.5 (272),109.85004516711834,74,452,84,495,0,2
Jalandhar,top3_pollutant,O3 (40),109.85004516711834,74,452,84,495,0,2
Jalandhar,top4_pollutant,CO (7),109.85004516711834,74,452,84,495,0,2
Jalandhar,top5_pollutant,NO2 (5),109.85004516711834,74,452,84,495,0,2
Jalgaon,top1_pollutant,PM10 (460),110.51355421686748,77,307,49,229,0,2
Jalgaon,top2_pollutant,PM2.5 (173),110.51355421686748,77,307,49,229,0,2
Jalgaon,top3_pollutant,O3 (29),110.51355421686748,77,307,49,229,0,2
Jalgaon,top4_pollutant,CO (2),110.51355421686748,77,307,49,229,0,2
Jalna,top1_pollutant,PM10 (292),110.06724137931035,73,256,29,217,0,5
Jalna,top2_pollutant,PM2.5 (216),110.06724137931035,73,256,29,217,0,5
Jalna,top3_pollutant,O3 (52),110.06724137931035,73,256,29,217,0,5
Jalna,top4_pollutant,NO2 (20),110.06724137931035,73,256,29,217,0,5
Jalore,top1_pollutant,PM10 (401),127.775390625,26,310,38,131,0,7
Jalore,top2_pollutant,PM2.5 (77),127.775390625,26,310,38,131,0,7
Jalore,top3_pollutant,O3 (34),127.775390625,26,310,38,131,0,7
Jhalawar,top1_pollutant,PM10 (438),106.93774834437086,71,299,45,336,0,4
Jhalawar,top2_pollutant,PM2.5 (191),106.93774834437086,71,299,45,336,0,4
Jhalawar,top3_pollutant,O3 (115),106.93774834437086,71,299,45,336,0,4
Jhalawar,top4_pollutant,CO (9),106.93774834437086,71,299,45,336,0,4
Jhalawar,top5_pollutant,NO2 (2),106.93774834437086,71,299,45,336,0,4
Jhansi,top1_pollutant,PM10 (723),92.55237154150197,217,341,38,416,0,0
Jhansi,top2_pollutant,PM2.5 (202),92.55237154150197,217,341,38,416,0,0
Jhansi,top3_pollutant,SO2 (46),92.55237154150197,217,341,38,416,0,0
Jhansi,top4_pollutant,O3 (29),92.55237154150197,217,341,38,416,0,0
Jhansi,top5_pollutant,CO (10),92.55237154150197,217,341,38,416,0,0
Jhunjhunu,top1_pollutant,PM10 (353),151.20158102766797,18,386,141,182,1,31
Jhunjhunu,top2_pollutant,O3 (197),151.20158102766797,18,386,141,182,1,31
Jhunjhunu,top3_pollutant,PM2.5 (196),151.20158102766797,18,386,141,182,1,31
Jhunjhunu,top4_pollutant,CO (13),151.20158102766797,18,386,141,182,1,31
Jind,top1_pollutant,PM2.5 (411),141.49324324324326,18,304,138,366,9,53
Jind,top2_pollutant,PM10 (261),141.49324324324326,18,304,138,366,9,53
Jind,top3_pollutant,CO (176),141.49324324324326,18,304,138,366,9,53
Jind,top4_pollutant,O3 (40),141.49324324324326,18,304,138,366,9,53
Jodhpur,top1_pollutant,PM10 (818),126.66068222621185,47,654,91,317,0,5
Jodhpur,top2_pollutant,PM2.5 (364),126.66068222621185,47,654,91,317,0,5
Jodhpur,top3_pollutant,O3 (227),126.66068222621185,47,654,91,317,0,5
Jodhpur,top4_pollutant,CO (11),126.66068222621185,47,654,91,317,0,5
Jodhpur,top5_pollutant,NO2 (6),126.66068222621185,47,654,91,317,0,5
Jorapokhar,top1_pollutant,PM10 (139),144.58389261744966,0,117,16,16,0,0
Jorapokhar,top2_pollutant,O3 (4),144.58389261744966,0,117,16,16,0,0
Jorapokhar,top3_pollutant,CO (3),144.58389261744966,0,117,16,16,0,0
Jorapokhar,top4_pollutant,PM2.5 (3),144.58389261744966,0,117,16,16,0,0
Kadapa,top1_pollutant,PM2.5 (296),66.92207792207792,225,73,6,312,0,0
Kadapa,top2_pollutant,O3 (151),66.92207792207792,225,73,6,312,0,0
Kadapa,top3_pollutant,PM10 (116),66.92207792207792,225,73,6,312,0,0
Kadapa,top4_pollutant,CO (30),66.92207792207792,225,73,6,312,0,0
Kadapa,top5_pollutant,NO2 (23),66.92207792207792,225,73,6,312,0,0
Kaithal,top1_pollutant,PM10 (451),138.53239740820734,95,349,152,282,3,45
Kaithal,top2_pollutant,PM2.5 (413),138.53239740820734,95,349,152,282,3,45
Kaithal,top3_pollutant,O3 (50),138.53239740820734,95,349,152,282,3,45
Kaithal,top4_pollutant,SO2 (9),138.53239740820734,95,349,152,282,3,45
Kaithal,top5_pollutant,NO2 (2),138.53239740820734,95,349,152,282,3,45
Kalaburagi,top1_pollutant,PM10 (572),64.42767295597484,382,119,3,450,0,0
Kalaburagi,top2_pollutant,CO (219),64.42767295597484,382,119,3,450,0,0
Kalaburagi,top3_pollutant,PM2.5 (196),64.42767295597484,382,119,3,450,0,0
Kalaburagi,top4_pollutant,O3 (149),64.42767295597484,382,119,3,450,0,0
Kalaburagi,top5_pollutant,SO2 (87),64.42767295597484,382,119,3,450,0,0
Kalyan,top1_pollutant,PM10 (866),108.52475247524752,112,486,47,362,0,3
Kalyan,top2_pollutant,PM2.5 (74),108.52475247524752,112,486,47,362,0,3
Kalyan,top3_pollutant,CO (55),108.52475247524752,112,486,47,362,0,3
Kalyan,top4_pollutant,O3 (40),108.52475247524752,112,486,47,362,0,3
Kalyan,top5_pollutant,NO2 (15),108.52475247524752,112,486,47,362,0,3
Kanchipuram,top1_pollutant,PM10 (354),56.84848484848485,205,23,1,199,0,1
Kanchipuram,top2_pollutant,SO2 (39),56.84848484848485,205,23,1,199,0,1
Kanchipuram,top3_pollutant,PM2.5 (14),56.84848484848485,205,23,1,199,0,1
Kanchipuram,top4_pollutant,CO (13),56.84848484848485,205,23,1,199,0,1
Kanchipuram,top5_pollutant,O3 (9),56.84848484848485,205,23,1,199,0,1
Kannur,top1_pollutant,PM10 (587),66.0230303030303,18,8,0,799,0,0
Kannur,top2_pollutant,PM2.5 (170),66.0230303030303,18,8,0,799,0,0
Kannur,top3_pollutant,CO (68),66.0230303030303,18,8,0,799,0,0
Kanpur,top1_pollutant,PM10 (783),111.61422222222222,113,519,72,416,0,5
Kanpur,top2_pollutant,PM2.5 (639),111.61422222222222,113,519,72,416,0,5
Kanpur,top3_pollutant,O3 (209),111.61422222222222,113,519,72,416,0,5
Kanpur,top4_pollutant,CO (195),111.61422222222222,113,519,72,416,0,5
Kanpur,top5_pollutant,NO2 (41),111.61422222222222,113,519,72,416,0,5
Karauli,top1_pollutant,O3 (305),108.29591836734694,104,238,37,284,0,23
Karauli,top2_pollutant,PM10 (219),108.29591836734694,104,238,37,284,0,23
Karauli,top3_pollutant,PM2.5 (150),108.29591836734694,104,238,37,284,0,23
Karauli,top4_pollutant,NO2 (6),108.29591836734694,104,238,37,284,0,23
Karauli,top5_pollutant,CO (5),108.29591836734694,104,238,37,284,0,23
Karnal,top1_pollutant,PM10 (514),108.8239060832444,174,316,87,345,0,15
Karnal,top2_pollutant,PM2.5 (366),108.8239060832444,174,316,87,345,0,15
Karnal,top3_pollutant,O3 (31),108.8239060832444,174,316,87,345,0,15
Karnal,top4_pollutant,CO (14),108.8239060832444,174,316,87,345,0,15
Karnal,top5_pollutant,SO2 (12),108.8239060832444,174,316,87,345,0,15
Karur,top1_pollutant,PM10 (69),69.25806451612904,47,16,0,92,0,0
Karur,top2_pollutant,PM2.5 (49),69.25806451612904,47,16,0,92,0,0
Karur,top3_pollutant,CO (22),69.25806451612904,47,16,0,92,0,0
Karur,top4_pollutant,O3 (10),69.25806451612904,47,16,0,92,0,0
Karur,top5_pollutant,SO2 (5),69.25806451612904,47,16,0,92,0,0
Karwar,top1_pollutant,PM10 (258),58.032467532467535,125,18,2,163,0,0
Karwar,top2_pollutant,O3 (21),58.032467532467535,125,18,2,163,0,0
Karwar,top3_pollutant,PM2.5 (14),58.032467532467535,125,18,2,163,0,0
Karwar,top4_pollutant,SO2 (13),58.032467532467535,125,18,2,163,0,0
Karwar,top5_pollutant,CO (2),58.032467532467535,125,18,2,163,0,0
Kashipur,top1_pollutant,PM10 (385),98.13880597014925,87,271,18,294,0,0
Kashipur,top2_pollutant,PM2.5 (265),98.13880597014925,87,271,18,294,0,0
Kashipur,top3_pollutant,CO (11),98.13880597014925,87,271,18,294,0,0
Kashipur,top4_pollutant,O3 (9),98.13880597014925,87,271,18,294,0,0
Katihar,top1_pollutant,PM2.5 (420),161.83945435466947,75,343,145,262,25,103
Katihar,top2_pollutant,PM10 (375),161.83945435466947,75,343,145,262,25,103
Katihar,top3_pollutant,CO (139),161.83945435466947,75,343,145,262,25,103
Katihar,top4_pollutant,O3 (11),161.83945435466947,75,343,145,262,25,103
Katihar,top5_pollutant,NO2 (8),161.83945435466947,75,343,145,262,25,103
Katni,top1_pollutant,PM10 (804),123.7,150,477,141,278,0,4
Katni,top2_pollutant,PM2.5 (154),123.7,150,477,141,278,0,4
Katni,top3_pollutant,O3 (79),123.7,150,477,141,278,0,4
Katni,top4_pollutant,CO (9),123.7,150,477,141,278,0,4
Katni,top5_pollutant,NO2 (4),123.7,150,477,141,278,0,4
Keonjhar,top1_pollutant,PM10 (386),112.06490066225166,80,267,73,322,0,13
Keonjhar,top2_pollutant,PM2.5 (271),112.06490066225166,80,267,73,322,0,13
Keonjhar,top3_pollutant,CO (56),112.06490066225166,80,267,73,322,0,13
Keonjhar,top4_pollutant,O3 (40),112.06490066225166,80,267,73,322,0,13
Keonjhar,top5_pollutant,NO2 (2),112.06490066225166,80,267,73,322,0,13
Khanna,top1_pollutant,PM10 (769),100.16,81,403,41,574,1,0
Khanna,top2_pollutant,PM2.5 (282),100.16,81,403,41,574,1,0
Khanna,top3_pollutant,CO (41),100.16,81,403,41,574,1,0
Khanna,top4_pollutant,O3 (5),100.16,81,403,41,574,1,0
Khanna,top5_pollutant,NO2 (3),100.16,81,403,41,574,1,0
Khurja,top1_pollutant,PM2.5 (560),125.27486631016043,50,436,105,334,0,10
Khurja,top2_pollutant,PM10 (311),125.27486631016043,50,436,105,334,0,10
Khurja,top3_pollutant,SO2 (46),125.27486631016043,50,436,105,334,0,10
Khurja,top4_pollutant,O3 (11),125.27486631016043,50,436,105,334,0,10
Khurja,top5_pollutant,CO (7),125.27486631016043,50,436,105,334,0,10
Kishanganj,top1_pollutant,PM10 (588),139.56236559139785,90,352,169,276,0,43
Kishanganj,top2_pollutant,PM2.5 (161),139.56236559139785,90,352,169,276,0,43
Kishanganj,top3_pollutant,O3 (100),139.56236559139785,90,352,169,276,0,43
Kishanganj,top4_pollutant,CO (50),139.56236559139785,90,352,169,276,0,43
Kishanganj,top5_pollutant,NO2 (31),139.56236559139785,90,352,169,276,0,43
Kochi,top1_pollutant,PM2.5 (251),99.97543859649123,40,188,27,315,0,0
Kochi,top2_pollutant,PM10 (177),99.97543859649123,40,188,27,315,0,0
Kochi,top3_pollutant,CO (134),99.97543859649123,40,188,27,315,0,0
Kochi,top4_pollutant,SO2 (7),99.97543859649123,40,188,27,315,0,0
Kochi,top5_pollutant,NO2 (1),99.97543859649123,40,188,27,315,0,0
Kohima,top1_pollutant,PM2.5 (354),80.45872518286312,193,234,5,525,0,0
Kohima,top2_pollutant,SO2 (327),80.45872518286312,193,234,5,525,0,0
Kohima,top3_pollutant,PM10 (275),80.45872518286312,193,234,5,525,0,0
Kohima,top4_pollutant,CO (1),80.45872518286312,193,234,5,525,0,0
Kolar,top1_pollutant,PM10 (332),76.47237076648841,143,112,1,304,0,1
Kolar,top2_pollutant,CO (81),76.47237076648841,143,112,1,304,0,1
Kolar,top3_pollutant,PM2.5 (71),76.47237076648841,143,112,1,304,0,1
Kolar,top4_pollutant,SO2 (60),76.47237076648841,143,112,1,304,0,1
Kolar,top5_pollutant,O3 (15),76.47237076648841,143,112,1,304,0,1
Kolhapur,top1_pollutant,PM10 (543),92.47506925207756,174,249,18,280,0,1
Kolhapur,top2_pollutant,PM2.5 (251),92.47506925207756,174,249,18,280,0,1
Kolhapur,top3_pollutant,O3 (201),92.47506925207756,174,249,18,280,0,1
Kolhapur,top4_pollutant,CO (11),92.47506925207756,174,249,18,280,0,1
Kolhapur,top5_pollutant,NO2 (7),92.47506925207756,174,249,18,280,0,1
Kolkata,top1_pollutant,PM10 (732),102.02844444444445,286,286,129,418,0,6
Kolkata,top2_pollutant,PM2.5 (529),102.02844444444445,286,286,129,418,0,6
Kolkata,top3_pollutant,O3 (398),102.02844444444445,286,286,129,418,0,6
Kolkata,top4_pollutant,NO2 (191),102.02844444444445,286,286,129,418,0,6
Kolkata,top5_pollutant,CO (69),102.02844444444445,286,286,129,418,0,6
Kollam,top1_pollutant,PM10 (655),79.27352297592998,103,122,11,678,0,0
Kollam,top2_pollutant,PM2.5 (246),79.27352297592998,103,122,11,678,0,0
Kollam,top3_pollutant,O3 (9),79.27352297592998,103,122,11,678,0,0
Kollam,top4_pollutant,CO (3),79.27352297592998,103,122,11,678,0,0
Kollam,top5_pollutant,NO2 (1),79.27352297592998,103,122,11,678,0,0
Koppal,top1_pollutant,CO (243),68.59085580304807,271,118,2,461,0,1
Koppal,top2_pollutant,O3 (206),68.59085580304807,271,118,2,461,0,1
Koppal,top3_pollutant,PM10 (195),68.59085580304807,271,118,2,461,0,1
Koppal,top4_pollutant,SO2 (100),68.59085580304807,271,118,2,461,0,1
Koppal,top5_pollutant,NO2 (68),68.59085580304807,271,118,2,461,0,1
Korba,top1_pollutant,PM10 (667),73.01330108827086,219,144,7,457,0,0
Korba,top2_pollutant,NO2 (222),73.01330108827086,219,144,7,457,0,0
Korba,top3_pollutant,PM2.5 (130),73.01330108827086,219,144,7,457,0,0
Korba,top4_pollutant,CO (47),73.01330108827086,219,144,7,457,0,0
Korba,top5_pollutant,O3 (36),73.01330108827086,219,144,7,457,0,0
Kota,top1_pollutant,PM10 (680),131.1048387096774,50,550,139,357,0,20
Kota,top2_pollutant,PM2.5 (678),131.1048387096774,50,550,139,357,0,20
Kota,top3_pollutant,O3 (178),131.1048387096774,50,550,139,357,0,20
Kota,top4_pollutant,CO (24),131.1048387096774,50,550,139,357,0,20
Kota,top5_pollutant,NO2 (2),131.1048387096774,50,550,139,357,0,20
Kozhikode,top1_pollutant,PM10 (203),67.36654804270462,21,1,0,259,0,0
Kozhikode,top2_pollutant,PM2.5 (58),67.36654804270462,21,1,0,259,0,0
Kozhikode,top3_pollutant,CO (10),67.36654804270462,21,1,0,259,0,0
Kozhikode,top4_pollutant,NH3 (10),67.36654804270462,21,1,0,259,0,0
Kunjemura,top1_pollutant,PM10 (543),108.7588424437299,130,275,50,164,0,3
Kunjemura,top2_pollutant,CO (62),108.7588424437299,130,275,50,164,0,3
Kunjemura,top3_pollutant,NO2 (10),108.7588424437299,130,275,50,164,0,3
Kunjemura,top4_pollutant,O3 (4),108.7588424437299,130,275,50,164,0,3
Kunjemura,top5_pollutant,PM2.5 (3),108.7588424437299,130,275,50,164,0,3
Kurukshetra,top1_pollutant,PM2.5 (514),135.04777070063693,110,304,197,301,1,29
Kurukshetra,top2_pollutant,PM10 (272),135.04777070063693,110,304,197,301,1,29
Kurukshetra,top3_pollutant,O3 (149),135.04777070063693,110,304,197,301,1,29
Kurukshetra,top4_pollutant,SO2 (7),135.04777070063693,110,304,197,301,1,29
Latur,top1_pollutant,PM10 (324),85.92716236722306,165,201,12,281,0,0
Latur,top2_pollutant,PM2.5 (221),85.92716236722306,165,201,12,281,0,0
Latur,top3_pollutant,O3 (91),85.92716236722306,165,201,12,281,0,0
Latur,top4_pollutant,CO (23),85.92716236722306,165,201,12,281,0,0
Lucknow,top1_pollutant,PM2.5 (839),131.12355555555555,91,528,172,330,0,4
Lucknow,top2_pollutant,PM10 (669),131.12355555555555,91,528,172,330,0,4
Lucknow,top3_pollutant,CO (143),131.12355555555555,91,528,172,330,0,4
Lucknow,top4_pollutant,O3 (115),131.12355555555555,91,528,172,330,0,4
Lucknow,top5_pollutant,NO2 (54),131.12355555555555,91,528,172,330,0,4
Ludhiana,top1_pollutant,PM10 (600),128.06294964028777,42,497,147,412,1,13
Ludhiana,top2_pollutant,PM2.5 (464),128.06294964028777,42,497,147,412,1,13
Ludhiana,top3_pollutant,CO (30),128.06294964028777,42,497,147,412,1,13
Ludhiana,top4_pollutant,O3 (18),128.06294964028777,42,497,147,412,1,13
Madikeri,top1_pollutant,PM10 (380),37.80790960451977,891,8,0,163,0,0
Madikeri,top2_pollutant,O3 (284),37.80790960451977,891,8,0,163,0,0
Madikeri,top3_pollutant,PM2.5 (278),37.80790960451977,891,8,0,163,0,0
Madikeri,top4_pollutant,SO2 (67),37.80790960451977,891,8,0,163,0,0
Madikeri,top5_pollutant,CO (30),37.80790960451977,891,8,0,163,0,0
Madurai,top1_pollutant,PM10 (183),55.919786096256686,80,4,0,103,0,0
Madurai,top2_pollutant,SO2 (3),55.919786096256686,80,4,0,103,0,0
Madurai,top3_pollutant,CO (1),55.919786096256686,80,4,0,103,0,0
Mahad,top1_pollutant,PM10 (363),93.03064516129032,155,253,17,195,0,0
Mahad,top2_pollutant,PM2.5 (217),93.03064516129032,155,253,17,195,0,0
Mahad,top3_pollutant,O3 (15),93.03064516129032,155,253,17,195,0,0
Mahad,top4_pollutant,SO2 (13),93.03064516129032,155,253,17,195,0,0
Mahad,top5_pollutant,CO (8),93.03064516129032,155,253,17,195,0,0
Maihar,top1_pollutant,PM10 (435),52.987775061124694,470,28,1,319,0,0
Maihar,top2_pollutant,CO (283),52.987775061124694,470,28,1,319,0,0
Maihar,top3_pollutant,PM2.5 (89),52.987775061124694,470,28,1,319,0,0
Maihar,top4_pollutant,NO2 (8),52.987775061124694,470,28,1,319,0,0
Maihar,top5_pollutant,SO2 (3),52.987775061124694,470,28,1,319,0,0
Malegaon,top1_pollutant,PM10 (232),111.96491228070175,27,215,20,137,0,0
Malegaon,top2_pollutant,PM2.5 (159),111.96491228070175,27,215,20,137,0,0
Malegaon,top3_pollutant,O3 (6),111.96491228070175,27,215,20,137,0,0
Malegaon,top4_pollutant,CO (1),111.96491228070175,27,215,20,137,0,0
Malegaon,top5_pollutant,NO2 (1),111.96491228070175,27,215,20,137,0,0
Mandi Gobindgarh,top1_pollutant,PM2.5 (676),147.45049504950495,62,454,214,249,0,31
Mandi Gobindgarh,top2_pollutant,PM10 (284),147.45049504950495,62,454,214,249,0,31
Mandi Gobindgarh,top3_pollutant,CO (30),147.45049504950495,62,454,214,249,0,31
Mandi Gobindgarh,top4_pollutant,O3 (15),147.45049504950495,62,454,214,249,0,31
Mandi Gobindgarh,top5_pollutant,NO2 (5),147.45049504950495,62,454,214,249,0,31
Mandideep,top1_pollutant,PM10 (686),122.16098484848484,106,482,123,340,0,5
Mandideep,top2_pollutant,PM2.5 (197),122.16098484848484,106,482,123,340,0,5
Mandideep,top3_pollutant,O3 (134),122.16098484848484,106,482,123,340,0,5
Mandideep,top4_pollutant,SO2 (22),122.16098484848484,106,482,123,340,0,5
Mandideep,top5_pollutant,NO2 (10),122.16098484848484,106,482,123,340,0,5
Mandikhera,top1_pollutant,PM10 (726),90.66338797814208,182,329,18,384,0,2
Mandikhera,top2_pollutant,CO (75),90.66338797814208,182,329,18,384,0,2
Mandikhera,top3_pollutant,PM2.5 (69),90.66338797814208,182,329,18,384,0,2
Mandikhera,top4_pollutant,SO2 (42),90.66338797814208,182,329,18,384,0,2
Mandikhera,top5_pollutant,O3 (3),90.66338797814208,182,329,18,384,0,2
Manesar,top1_pollutant,PM2.5 (673),151.83501683501683,39,297,199,294,1,61
Manesar,top2_pollutant,PM10 (186),151.83501683501683,39,297,199,294,1,61
Manesar,top3_pollutant,O3 (27),151.83501683501683,39,297,199,294,1,61
Manesar,top4_pollutant,NO2 (3),151.83501683501683,39,297,199,294,1,61
Manesar,top5_pollutant,CO (1),151.83501683501683,39,297,199,294,1,61
Mangalore,top1_pollutant,PM10 (655),70.35792622133599,261,150,4,588,0,0
Mangalore,top2_pollutant,CO (187),70.35792622133599,261,150,4,588,0,0
Mangalore,top3_pollutant,PM2.5 (96),70.35792622133599,261,150,4,588,0,0
Mangalore,top4_pollutant,NO2 (37),70.35792622133599,261,150,4,588,0,0
Mangalore,top5_pollutant,O3 (24),70.35792622133599,261,150,4,588,0,0
Manguraha,top1_pollutant,PM10 (291),102.21585903083701,121,236,42,275,0,7
Manguraha,top2_pollutant,PM2.5 (193),102.21585903083701,121,236,42,275,0,7
Manguraha,top3_pollutant,CO (100),102.21585903083701,121,236,42,275,0,7
Manguraha,top4_pollutant,O3 (83),102.21585903083701,121,236,42,275,0,7
Manguraha,top5_pollutant,NO2 (14),102.21585903083701,121,236,42,275,0,7
Meerut,top1_pollutant,PM10 (734),158.3505798394291,99,446,263,238,1,74
Meerut,top2_pollutant,PM2.5 (518),158.3505798394291,99,446,263,238,1,74
Meerut,top3_pollutant,O3 (185),158.3505798394291,99,446,263,238,1,74
Meerut,top4_pollutant,CO (119),158.3505798394291,99,446,263,238,1,74
Meerut,top5_pollutant,NO2 (34),158.3505798394291,99,446,263,238,1,74
Milupara,top1_pollutant,PM10 (299),73.12962962962963,104,66,2,260,0,0
Milupara,top2_pollutant,O3 (79),73.12962962962963,104,66,2,260,0,0
Milupara,top3_pollutant,PM2.5 (36),73.12962962962963,104,66,2,260,0,0
Milupara,top4_pollutant,NO2 (15),73.12962962962963,104,66,2,260,0,0
Milupara,top5_pollutant,CO (3),73.12962962962963,104,66,2,260,0,0
Mira Bhayandar,top1_pollutant,PM10 (281),96.92368421052632,100,156,18,106,0,0
Mira Bhayandar,top2_pollutant,PM2.5 (75),96.92368421052632,100,156,18,106,0,0
Mira Bhayandar,top3_pollutant,O3 (24),96.92368421052632,100,156,18,106,0,0
Moradabad,top1_pollutant,PM10 (775),104.05955555555556,117,557,19,431,0,1
Moradabad,top2_pollutant,PM2.5 (613),104.05955555555556,117,557,19,431,0,1
Moradabad,top3_pollutant,O3 (254),104.05955555555556,117,557,19,431,0,1
Moradabad,top4_pollutant,CO (144),104.05955555555556,117,557,19,431,0,1
Moradabad,top5_pollutant,SO2 (47),104.05955555555556,117,557,19,431,0,1
Motihari,top1_pollutant,PM10 (380),139.4235668789809,103,350,127,296,10,56
Motihari,top2_pollutant,PM2.5 (276),139.4235668789809,103,350,127,296,10,56
Motihari,top3_pollutant,O3 (158),139.4235668789809,103,350,127,296,10,56
Motihari,top4_pollutant,CO (62),139.4235668789809,103,350,127,296,10,56
Motihari,top5_pollutant,NO2 (61),139.4235668789809,103,350,127,296,10,56
Mumbai,top1_pollutant,PM10 (831),105.93327402135232,108,450,61,505,0,0
Mumbai,top2_pollutant,PM2.5 (597),105.93327402135232,108,450,61,505,0,0
Mumbai,top3_pollutant,CO (261),105.93327402135232,108,450,61,505,0,0
Mumbai,top4_pollutant,O3 (245),105.93327402135232,108,450,61,505,0,0
Mumbai,top5_pollutant,NO2 (217),105.93327402135232,108,450,61,505,0,0
Munger,top1_pollutant,PM10 (444),158.86129032258066,66,435,191,176,1,61
Munger,top2_pollutant,PM2.5 (409),158.86129032258066,66,435,191,176,1,61
Munger,top3_pollutant,CO (55),158.86129032258066,66,435,191,176,1,61
Munger,top4_pollutant,SO2 (12),158.86129032258066,66,435,191,176,1,61
Munger,top5_pollutant,O3 (7),158.86129032258066,66,435,191,176,1,61
Muzaffarnagar,top1_pollutant,PM2.5 (616),175.57421875,36,396,292,207,0,93
Muzaffarnagar,top2_pollutant,PM10 (350),175.57421875,36,396,292,207,0,93
Muzaffarnagar,top3_pollutant,O3 (47),175.57421875,36,396,292,207,0,93
Muzaffarnagar,top4_pollutant,CO (10),175.57421875,36,396,292,207,0,93
Muzaffarnagar,top5_pollutant,NO2 (1),175.57421875,36,396,292,207,0,93
Muzaffarpur,top1_pollutant,PM2.5 (854),161.42372881355934,41,381,258,345,4,92
Muzaffarpur,top2_pollutant,PM10 (368),161.42372881355934,41,381,258,345,4,92
Muzaffarpur,top3_pollutant,O3 (300),161.42372881355934,41,381,258,345,4,92
Muzaffarpur,top4_pollutant,CO (171),161.42372881355934,41,381,258,345,4,92
Muzaffarpur,top5_pollutant,NO2 (51),161.42372881355934,41,381,258,345,4,92
Mysuru,top1_pollutant,PM10 (758),51.01939058171745,531,0,0,552,0,0
Mysuru,top2_pollutant,O3 (323),51.01939058171745,531,0,0,552,0,0
Mysuru,top3_pollutant,CO (1),51.01939058171745,531,0,0,552,0,0
Mysuru,top4_pollutant,PM2.5 (1),51.01939058171745,531,0,0,552,0,0
NOIDA,top1_pollutant,PM10 (763),183.98932384341637,23,440,290,215,9,147
NOIDA,top2_pollutant,PM2.5 (490),183.98932384341637,23,440,290,215,9,147
NOIDA,top3_pollutant,O3 (171),183.98932384341637,23,440,290,215,9,147
NOIDA,top4_pollutant,CO (152),183.98932384341637,23,440,290,215,9,147
NOIDA,top5_pollutant,NO2 (89),183.98932384341637,23,440,290,215,9,147
Nagaon,top1_pollutant,PM2.5 (279),111.2420470262794,150,214,87,257,0,15
Nagaon,top2_pollutant,PM10 (228),111.2420470262794,150,214,87,257,0,15
Nagaon,top3_pollutant,CO (107),111.2420470262794,150,214,87,257,0,15
Nagaon,top4_pollutant,O3 (106),111.2420470262794,150,214,87,257,0,15
Nagaon,top5_pollutant,SO2 (3),111.2420470262794,150,214,87,257,0,15
Nagapattinam,top1_pollutant,PM2.5 (68),51.48360655737705,73,5,0,44,0,0
Nagapattinam,top2_pollutant,O3 (27),51.48360655737705,73,5,0,44,0,0
Nagapattinam,top3_pollutant,PM10 (25),51.48360655737705,73,5,0,44,0,0
Nagapattinam,top4_pollutant,CO (2),51.48360655737705,73,5,0,44,0,0
Nagaur,top1_pollutant,PM10 (533),135.2610015174507,36,377,74,159,0,13
Nagaur,top2_pollutant,PM2.5 (74),135.2610015174507,36,377,74,159,0,13
Nagaur,top3_pollutant,O3 (51),135.2610015174507,36,377,74,159,0,13
Nagaur,top4_pollutant,CO (1),135.2610015174507,36,377,74,159,0,13
Nagpur,top1_pollutant,PM10 (646),111.11371841155234,184,437,100,378,0,9
Nagpur,top2_pollutant,PM2.5 (554),111.11371841155234,184,437,100,378,0,9
Nagpur,top3_pollutant,O3 (140),111.11371841155234,184,437,100,378,0,9
Nagpur,top4_pollutant,CO (91),111.11371841155234,184,437,100,378,0,9
Nagpur,top5_pollutant,NH3 (1),111.11371841155234,184,437,100,378,0,9
Naharlagun,top1_pollutant,PM2.5 (263),54.485265225933205,273,45,0,191,0,0
Naharlagun,top2_pollutant,PM10 (201),54.485265225933205,273,45,0,191,0,0
Naharlagun,top3_pollutant,SO2 (36),54.485265225933205,273,45,0,191,0,0
Naharlagun,top4_pollutant,CO (9),54.485265225933205,273,45,0,191,0,0
Nalbari,top1_pollutant,PM2.5 (422),144.3767926988266,86,276,166,205,0,34
Nalbari,top2_pollutant,PM10 (263),144.3767926988266,86,276,166,205,0,34
Nalbari,top3_pollutant,CO (45),144.3767926988266,86,276,166,205,0,34
Nalbari,top4_pollutant,O3 (29),144.3767926988266,86,276,166,205,0,34
Nalbari,top5_pollutant,NO2 (8),144.3767926988266,86,276,166,205,0,34
Namakkal,top1_pollutant,PM10 (22),59.95454545454545,5,0,0,17,0,0
Nanded,top1_pollutant,PM10 (345),102.80716723549489,116,274,24,172,0,0
Nanded,top2_pollutant,O3 (155),102.80716723549489,116,274,24,172,0,0
Nanded,top3_pollutant,PM2.5 (81),102.80716723549489,116,274,24,172,0,0
Nanded,top4_pollutant,CO (4),102.80716723549489,116,274,24,172,0,0
Nanded,top5_pollutant,NO2 (1),102.80716723549489,116,274,24,172,0,0
Nandesari,top1_pollutant,PM2.5 (257),107.7579908675799,146,162,50,79,0,1
Nandesari,top2_pollutant,CO (108),107.7579908675799,146,162,50,79,0,1
Nandesari,top3_pollutant,PM10 (61),107.7579908675799,146,162,50,79,0,1
Nandesari,top4_pollutant,NO2 (7),107.7579908675799,146,162,50,79,0,1
Nandesari,top5_pollutant,SO2 (5),107.7579908675799,146,162,50,79,0,1
Narnaul,top1_pollutant,PM2.5 (421),116.71363636363637,136,353,76,289,2,24
Narnaul,top2_pollutant,PM10 (335),116.71363636363637,136,353,76,289,2,24
Narnaul,top3_pollutant,O3 (47),116.71363636363637,136,353,76,289,2,24
Narnaul,top4_pollutant,NO2 (37),116.71363636363637,136,353,76,289,2,24
Narnaul,top5_pollutant,SO2 (24),116.71363636363637,136,353,76,289,2,24
Nashik,top1_pollutant,PM10 (726),84.610337972167,264,300,14,428,0,0
Nashik,top2_pollutant,PM2.5 (473),84.610337972167,264,300,14,428,0,0
Nashik,top3_pollutant,O3 (142),84.610337972167,264,300,14,428,0,0
Nashik,top4_pollutant,CO (92),84.610337972167,264,300,14,428,0,0
Nashik,top5_pollutant,NO2 (14),84.610337972167,264,300,14,428,0,0
Navi Mumbai,top1_pollutant,PM10 (835),122.84883720930233,116,507,120,354,1,20
Navi Mumbai,top2_pollutant,PM2.5 (477),122.84883720930233,116,507,120,354,1,20
Navi Mumbai,top3_pollutant,CO (249),122.84883720930233,116,507,120,354,1,20
Navi Mumbai,top4_pollutant,O3 (153),122.84883720930233,116,507,120,354,1,20
Navi Mumbai,top5_pollutant,NO2 (105),122.84883720930233,116,507,120,354,1,20
Nayagarh,top1_pollutant,PM10 (431),118.0572569906791,158,318,92,175,0,8
Nayagarh,top2_pollutant,PM2.5 (286),118.0572569906791,158,318,92,175,0,8
Nayagarh,top3_pollutant,NO2 (31),118.0572569906791,158,318,92,175,0,8
Nayagarh,top4_pollutant,O3 (3),118.0572569906791,158,318,92,175,0,8
Ooty,top1_pollutant,PM10 (375),60.94827586206897,286,51,0,359,0,0
Ooty,top2_pollutant,PM2.5 (173),60.94827586206897,286,51,0,359,0,0
Ooty,top3_pollutant,SO2 (111),60.94827586206897,286,51,0,359,0,0
Ooty,top4_pollutant,CO (37),60.94827586206897,286,51,0,359,0,0
Pali,top1_pollutant,PM10 (656),124.63082778306375,23,575,70,372,0,11
Pali,top2_pollutant,PM2.5 (341),124.63082778306375,23,575,70,372,0,11
Pali,top3_pollutant,O3 (26),124.63082778306375,23,575,70,372,0,11
Pali,top4_pollutant,CO (25),124.63082778306375,23,575,70,372,0,11
Pali,top5_pollutant,NO2 (3),124.63082778306375,23,575,70,372,0,11
Palkalaiperur,top1_pollutant,PM10 (324),43.325,324,2,0,194,0,0
Palkalaiperur,top2_pollutant,SO2 (191),43.325,324,2,0,194,0,0
Palkalaiperur,top3_pollutant,CO (4),43.325,324,2,0,194,0,0
Palkalaiperur,top4_pollutant,PM2.5 (1),43.325,324,2,0,194,0,0
Palwal,top1_pollutant,PM10 (757),93.15536105032822,151,305,23,432,0,3
Palwal,top2_pollutant,PM2.5 (106),93.15536105032822,151,305,23,432,0,3
Palwal,top3_pollutant,O3 (44),93.15536105032822,151,305,23,432,0,3
Palwal,top4_pollutant,CO (7),93.15536105032822,151,305,23,432,0,3
Panchgaon,top1_pollutant,O3 (10),130.48,0,18,2,5,0,0
Panchgaon,top2_pollutant,PM2.5 (9),130.48,0,18,2,5,0,0
Panchgaon,top3_pollutant,PM10 (4),130.48,0,18,2,5,0,0
Panchgaon,top4_pollutant,CO (2),130.48,0,18,2,5,0,0
Panchkula,top1_pollutant,PM2.5 (753),111.60132890365449,139,347,86,325,0,6
Panchkula,top2_pollutant,CO (77),111.60132890365449,139,347,86,325,0,6
Panchkula,top3_pollutant,O3 (52),111.60132890365449,139,347,86,325,0,6
Panchkula,top4_pollutant,NO2 (13),111.60132890365449,139,347,86,325,0,6
Panchkula,top5_pollutant,SO2 (8),111.60132890365449,139,347,86,325,0,6
Panipat,top1_pollutant,PM10 (480),128.2257281553398,39,405,64,295,0,21
Panipat,top2_pollutant,PM2.5 (327),128.2257281553398,39,405,64,295,0,21
Panipat,top3_pollutant,CO (8),128.2257281553398,39,405,64,295,0,21
Panipat,top4_pollutant,O3 (7),128.2257281553398,39,405,64,295,0,21
Panipat,top5_pollutant,SO2 (2),128.2257281553398,39,405,64,295,0,21
Parbhani,top1_pollutant,PM10 (353),110.42857142857143,82,244,44,193,0,4
Parbhani,top2_pollutant,PM2.5 (118),110.42857142857143,82,244,44,193,0,4
Parbhani,top3_pollutant,O3 (80),110.42857142857143,82,244,44,193,0,4
Parbhani,top4_pollutant,CO (16),110.42857142857143,82,244,44,193,0,4
Pathardih,top1_pollutant,PM10 (9),103.61538461538461,6,17,0,3,0,0
Pathardih,top2_pollutant,NO2 (8),103.61538461538461,6,17,0,3,0,0
Pathardih,top3_pollutant,CO (6),103.61538461538461,6,17,0,3,0,0
Pathardih,top4_pollutant,O3 (2),103.61538461538461,6,17,0,3,0,0
Pathardih,top5_pollutant,PM2.5 (1),103.61538461538461,6,17,0,3,0,0
Patiala,top1_pollutant,PM10 (704),103.19369369369369,154,448,53,451,0,4
Patiala,top2_pollutant,PM2.5 (262),103.19369369369369,154,448,53,451,0,4
Patiala,top3_pollutant,O3 (113),103.19369369369369,154,448,53,451,0,4
Patiala,top4_pollutant,CO (30),103.19369369369369,154,448,53,451,0,4
Patiala,top5_pollutant,NO2 (1),103.19369369369369,154,448,53,451,0,4
Patna,top1_pollutant,PM2.5 (880),179.92711111111112,23,391,318,262,8,123
Patna,top2_pollutant,PM10 (862),179.92711111111112,23,391,318,262,8,123
Patna,top3_pollutant,NO2 (122),179.92711111111112,23,391,318,262,8,123
Patna,top4_pollutant,O3 (109),179.92711111111112,23,391,318,262,8,123
Patna,top5_pollutant,CO (62),179.92711111111112,23,391,318,262,8,123
Pimpri Chinchwad,top1_pollutant,PM10 (394),94.21827411167513,173,212,30,176,0,0
Pimpri Chinchwad,top2_pollutant,PM2.5 (303),94.21827411167513,173,212,30,176,0,0
Pimpri Chinchwad,top3_pollutant,O3 (108),94.21827411167513,173,212,30,176,0,0
Pimpri Chinchwad,top4_pollutant,CO (87),94.21827411167513,173,212,30,176,0,0
Pimpri Chinchwad,top5_pollutant,NO2 (55),94.21827411167513,173,212,30,176,0,0
Pithampur,top1_pollutant,PM10 (805),118.11514052583863,58,616,68,359,0,2
Pithampur,top2_pollutant,PM2.5 (226),118.11514052583863,58,616,68,359,0,2
Pithampur,top3_pollutant,O3 (51),118.11514052583863,58,616,68,359,0,2
Pithampur,top4_pollutant,CO (21),118.11514052583863,58,616,68,359,0,2
Pratapgarh,top1_pollutant,PM10 (460),100.05398110661268,79,308,22,331,0,1
Pratapgarh,top2_pollutant,O3 (168),100.05398110661268,79,308,22,331,0,1
Pratapgarh,top3_pollutant,PM2.5 (107),100.05398110661268,79,308,22,331,0,1
Pratapgarh,top4_pollutant,CO (6),100.05398110661268,79,308,22,331,0,1
Prayagraj,top1_pollutant,PM10 (979),93.37377341659233,171,390,28,532,0,0
Prayagraj,top2_pollutant,PM2.5 (442),93.37377341659233,171,390,28,532,0,0
Prayagraj,top3_pollutant,SO2 (201),93.37377341659233,171,390,28,532,0,0
Prayagraj,top4_pollutant,O3 (87),93.37377341659233,171,390,28,532,0,0
Prayagraj,top5_pollutant,CO (14),93.37377341659233,171,390,28,532,0,0
Puducherry,top1_pollutant,PM10 (413),56.51401869158879,533,48,8,481,0,0
Puducherry,top2_pollutant,O3 (303),56.51401869158879,533,48,8,481,0,0
Puducherry,top3_pollutant,PM2.5 (206),56.51401869158879,533,48,8,481,0,0
Puducherry,top4_pollutant,CO (148),56.51401869158879,533,48,8,481,0,0
Pudukottai,top1_pollutant,PM10 (150),67.3558282208589,57,25,1,80,0,0
Pudukottai,top2_pollutant,PM2.5 (12),67.3558282208589,57,25,1,80,0,0
Pudukottai,top3_pollutant,CO (1),67.3558282208589,57,25,1,80,0,0
Pune,top1_pollutant,PM2.5 (532),111.97297297297297,64,553,22,321,0,2
Pune,top2_pollutant,PM10 (504),111.97297297297297,64,553,22,321,0,2
Pune,top3_pollutant,NO2 (340),111.97297297297297,64,553,22,321,0,2
Pune,top4_pollutant,CO (252),111.97297297297297,64,553,22,321,0,2
Pune,top5_pollutant,O3 (241),111.97297297297297,64,553,22,321,0,2
Purnia,top1_pollutant,PM2.5 (520),161.5124716553288,31,307,145,298,32,69
Purnia,top2_pollutant,PM10 (252),161.5124716553288,31,307,145,298,32,69
Purnia,top3_pollutant,CO (96),161.5124716553288,31,307,145,298,32,69
Purnia,top4_pollutant,NO2 (14),161.5124716553288,31,307,145,298,32,69
Raichur,top1_pollutant,CO (309),94.0559646539028,54,317,1,307,0,0
Raichur,top2_pollutant,PM10 (293),94.0559646539028,54,317,1,307,0,0
Raichur,top3_pollutant,SO2 (35),94.0559646539028,54,317,1,307,0,0
Raichur,top4_pollutant,O3 (22),94.0559646539028,54,317,1,307,0,0
Raichur,top5_pollutant,PM2.5 (20),94.0559646539028,54,317,1,307,0,0
Raipur,top1_pollutant,PM10 (777),80.20897284533648,137,215,0,495,0,0
Raipur,top2_pollutant,NO2 (262),80.20897284533648,137,215,0,495,0,0
Raipur,top3_pollutant,PM2.5 (223),80.20897284533648,137,215,0,495,0,0
Raipur,top4_pollutant,CO (54),80.20897284533648,137,215,0,495,0,0
Raipur,top5_pollutant,O3 (9),80.20897284533648,137,215,0,495,0,0
Rairangpur,top1_pollutant,PM2.5 (368),116.73262032085562,112,308,80,241,0,7
Rairangpur,top2_pollutant,PM10 (312),116.73262032085562,112,308,80,241,0,7
Rairangpur,top3_pollutant,O3 (65),116.73262032085562,112,308,80,241,0,7
Rairangpur,top4_pollutant,CO (3),116.73262032085562,112,308,80,241,0,7
Rajamahendravaram,top1_pollutant,PM10 (653),76.81767955801105,441,200,42,401,0,2
Rajamahendravaram,top2_pollutant,PM2.5 (207),76.81767955801105,441,200,42,401,0,2
Rajamahendravaram,top3_pollutant,CO (140),76.81767955801105,441,200,42,401,0,2
Rajamahendravaram,top4_pollutant,O3 (78),76.81767955801105,441,200,42,401,0,2
Rajamahendravaram,top5_pollutant,NO2 (6),76.81767955801105,441,200,42,401,0,2
Rajgir,top1_pollutant,PM10 (369),145.8242424242424,113,264,119,234,5,90
Rajgir,top2_pollutant,PM2.5 (317),145.8242424242424,113,264,119,234,5,90
Rajgir,top3_pollutant,CO (98),145.8242424242424,113,264,119,234,5,90
Rajgir,top4_pollutant,O3 (41),145.8242424242424,113,264,119,234,5,90
Rajsamand,top1_pollutant,PM10 (263),96.82172701949861,61,206,31,418,0,2
Rajsamand,top2_pollutant,O3 (202),96.82172701949861,61,206,31,418,0,2
Rajsamand,top3_pollutant,PM2.5 (189),96.82172701949861,61,206,31,418,0,2
Rajsamand,top4_pollutant,CO (64),96.82172701949861,61,206,31,418,0,2
Ramanagara,top1_pollutant,PM10 (410),60.575642245480495,473,69,5,504,0,0
Ramanagara,top2_pollutant,PM2.5 (271),60.575642245480495,473,69,5,504,0,0
Ramanagara,top3_pollutant,O3 (266),60.575642245480495,473,69,5,504,0,0
Ramanagara,top4_pollutant,SO2 (57),60.575642245480495,473,69,5,504,0,0
Ramanagara,top5_pollutant,NO2 (27),60.575642245480495,473,69,5,504,0,0
Ramanathapuram,top1_pollutant,PM10 (631),47.95995145631068,522,37,3,262,0,0
Ramanathapuram,top2_pollutant,PM2.5 (100),47.95995145631068,522,37,3,262,0,0
Ramanathapuram,top3_pollutant,CO (78),47.95995145631068,522,37,3,262,0,0
Ramanathapuram,top4_pollutant,O3 (12),47.95995145631068,522,37,3,262,0,0
Ramanathapuram,top5_pollutant,SO2 (3),47.95995145631068,522,37,3,262,0,0
Ranipet,top1_pollutant,PM2.5 (87),82.3089430894309,37,34,3,49,0,0
Ranipet,top2_pollutant,PM10 (33),82.3089430894309,37,34,3,49,0,0
Ranipet,top3_pollutant,CO (3),82.3089430894309,37,34,3,49,0,0
Ratlam,top1_pollutant,PM10 (882),103.13031161473087,162,555,17,325,0,0
Ratlam,top2_pollutant,PM2.5 (107),103.13031161473087,162,555,17,325,0,0
Ratlam,top3_pollutant,NO2 (36),103.13031161473087,162,555,17,325,0,0
Ratlam,top4_pollutant,SO2 (34),103.13031161473087,162,555,17,325,0,0
Rishikesh,top1_pollutant,PM10 (438),66.35505319148936,273,91,2,386,0,0
Rishikesh,top2_pollutant,O3 (160),66.35505319148936,273,91,2,386,0,0
Rishikesh,top3_pollutant,PM2.5 (129),66.35505319148936,273,91,2,386,0,0
Rishikesh,top4_pollutant,CO (25),66.35505319148936,273,91,2,386,0,0
Rohtak,top1_pollutant,PM2.5 (821),149.56753926701572,115,299,208,265,6,62
Rohtak,top2_pollutant,O3 (57),149.56753926701572,115,299,208,265,6,62
Rohtak,top3_pollutant,NO2 (46),149.56753926701572,115,299,208,265,6,62
Rohtak,top4_pollutant,PM10 (22),149.56753926701572,115,299,208,265,6,62
Rohtak,top5_pollutant,CO (5),149.56753926701572,115,299,208,265,6,62
Rourkela,top1_pollutant,PM10 (588),131.28784403669724,74,425,129,237,0,7
Rourkela,top2_pollutant,PM2.5 (504),131.28784403669724,74,425,129,237,0,7
Rourkela,top3_pollutant,CO (47),131.28784403669724,74,425,129,237,0,7
Rourkela,top4_pollutant,O3 (28),131.28784403669724,74,425,129,237,0,7
Rourkela,top5_pollutant,NO2 (19),131.28784403669724,74,425,129,237,0,7
Rupnagar,top1_pollutant,PM10 (711),126.10810810810811,42,539,99,312,0,7
Rupnagar,top2_pollutant,PM2.5 (207),126.10810810810811,42,539,99,312,0,7
Rupnagar,top3_pollutant,CO (68),126.10810810810811,42,539,99,312,0,7
Rupnagar,top4_pollutant,NO2 (13),126.10810810810811,42,539,99,312,0,7
Sagar,top1_pollutant,PM10 (502),90.87779850746269,133,301,24,611,0,3
Sagar,top2_pollutant,O3 (437),90.87779850746269,133,301,24,611,0,3
Sagar,top3_pollutant,CO (364),90.87779850746269,133,301,24,611,0,3
Sagar,top4_pollutant,PM2.5 (251),90.87779850746269,133,301,24,611,0,3
Sagar,top5_pollutant,NO2 (13),90.87779850746269,133,301,24,611,0,3
Saharsa,top1_pollutant,PM2.5 (427),169.87153931339978,59,306,165,230,12,131
Saharsa,top2_pollutant,PM10 (371),169.87153931339978,59,306,165,230,12,131
Saharsa,top3_pollutant,CO (55),169.87153931339978,59,306,165,230,12,131
Saharsa,top4_pollutant,O3 (40),169.87153931339978,59,306,165,230,12,131
Saharsa,top5_pollutant,SO2 (6),169.87153931339978,59,306,165,230,12,131
Salem,top1_pollutant,SO2 (195),73.37113402061856,126,68,1,290,0,0
Salem,top2_pollutant,PM2.5 (133),73.37113402061856,126,68,1,290,0,0
Salem,top3_pollutant,PM10 (122),73.37113402061856,126,68,1,290,0,0
Salem,top4_pollutant,CO (35),73.37113402061856,126,68,1,290,0,0
Samastipur,top1_pollutant,PM10 (412),170.8943181818182,22,372,163,203,11,109
Samastipur,top2_pollutant,PM2.5 (330),170.8943181818182,22,372,163,203,11,109
Samastipur,top3_pollutant,CO (131),170.8943181818182,22,372,163,203,11,109
Samastipur,top4_pollutant,SO2 (6),170.8943181818182,22,372,163,203,11,109
Samastipur,top5_pollutant,NO2 (1),170.8943181818182,22,372,163,203,11,109
Sangli,top1_pollutant,PM10 (338),85.3632,222,237,10,156,0,0
Sangli,top2_pollutant,O3 (170),85.3632,222,237,10,156,0,0
Sangli,top3_pollutant,PM2.5 (113),85.3632,222,237,10,156,0,0
Sangli,top4_pollutant,CO (4),85.3632,222,237,10,156,0,0
Sasaram,top1_pollutant,PM2.5 (378),135.04630650496142,106,364,128,255,0,54
Sasaram,top2_pollutant,CO (190),135.04630650496142,106,364,128,255,0,54
Sasaram,top3_pollutant,PM10 (180),135.04630650496142,106,364,128,255,0,54
Sasaram,top4_pollutant,O3 (127),135.04630650496142,106,364,128,255,0,54
Sasaram,top5_pollutant,NO2 (30),135.04630650496142,106,364,128,255,0,54
Satna,top1_pollutant,PM10 (745),75.95664739884393,176,126,30,706,0,0
Satna,top2_pollutant,O3 (164),75.95664739884393,176,126,30,706,0,0
Satna,top3_pollutant,CO (59),75.95664739884393,176,126,30,706,0,0
Satna,top4_pollutant,NO2 (39),75.95664739884393,176,126,30,706,0,0
Satna,top5_pollutant,PM2.5 (31),75.95664739884393,176,126,30,706,0,0
Sawai Madhopur,top1_pollutant,PM10 (435),120.61024182076814,31,372,48,251,0,1
Sawai Madhopur,top2_pollutant,O3 (150),120.61024182076814,31,372,48,251,0,1
Sawai Madhopur,top3_pollutant,PM2.5 (97),120.61024182076814,31,372,48,251,0,1
Sawai Madhopur,top4_pollutant,CO (21),120.61024182076814,31,372,48,251,0,1
Shillong,top1_pollutant,PM2.5 (425),62.73112128146453,469,144,10,250,1,0
Shillong,top2_pollutant,PM10 (320),62.73112128146453,469,144,10,250,1,0
Shillong,top3_pollutant,SO2 (174),62.73112128146453,469,144,10,250,1,0
Shillong,top4_pollutant,O3 (130),62.73112128146453,469,144,10,250,1,0
Shillong,top5_pollutant,NO2 (11),62.73112128146453,469,144,10,250,1,0
Shivamogga,top1_pollutant,PM10 (733),54.77880184331797,414,3,0,668,0,0
Shivamogga,top2_pollutant,O3 (321),54.77880184331797,414,3,0,668,0,0
Shivamogga,top3_pollutant,NO2 (25),54.77880184331797,414,3,0,668,0,0
Shivamogga,top4_pollutant,PM2.5 (5),54.77880184331797,414,3,0,668,0,0
Shivamogga,top5_pollutant,CO (1),54.77880184331797,414,3,0,668,0,0
Sikar,top1_pollutant,PM10 (481),138.99470198675496,50,384,122,186,1,12
Sikar,top2_pollutant,O3 (136),138.99470198675496,50,384,122,186,1,12
Sikar,top3_pollutant,PM2.5 (136),138.99470198675496,50,384,122,186,1,12
Sikar,top4_pollutant,CO (2),138.99470198675496,50,384,122,186,1,12
Silchar,top1_pollutant,PM10 (450),47.47651006711409,430,0,0,315,0,0
Silchar,top2_pollutant,CO (223),47.47651006711409,430,0,0,315,0,0
Silchar,top3_pollutant,PM2.5 (68),47.47651006711409,430,0,0,315,0,0
Silchar,top4_pollutant,NO2 (4),47.47651006711409,430,0,0,315,0,0
Siliguri,top1_pollutant,PM10 (776),85.53024574669188,323,292,39,404,0,0
Siliguri,top2_pollutant,PM2.5 (197),85.53024574669188,323,292,39,404,0,0
Siliguri,top3_pollutant,O3 (50),85.53024574669188,323,292,39,404,0,0
Siliguri,top4_pollutant,NO2 (29),85.53024574669188,323,292,39,404,0,0
Siliguri,top5_pollutant,CO (6),85.53024574669188,323,292,39,404,0,0
Singrauli,top1_pollutant,PM10 (428),165.08949416342412,13,406,238,291,2,78
Singrauli,top2_pollutant,PM2.5 (316),165.08949416342412,13,406,238,291,2,78
Singrauli,top3_pollutant,NO2 (167),165.08949416342412,13,406,238,291,2,78
Singrauli,top4_pollutant,O3 (50),165.08949416342412,13,406,238,291,2,78
Singrauli,top5_pollutant,CO (37),165.08949416342412,13,406,238,291,2,78
Sirohi,top1_pollutant,PM10 (402),90.12330827067669,82,175,10,392,0,6
Sirohi,top2_pollutant,O3 (194),90.12330827067669,82,175,10,392,0,6
Sirohi,top3_pollutant,PM2.5 (64),90.12330827067669,82,175,10,392,0,6
Sirohi,top4_pollutant,CO (5),90.12330827067669,82,175,10,392,0,6
Sirsa,top1_pollutant,PM10 (327),126.09617612977983,32,357,94,358,1,21
Sirsa,top2_pollutant,O3 (246),126.09617612977983,32,357,94,358,1,21
Sirsa,top3_pollutant,PM2.5 (230),126.09617612977983,32,357,94,358,1,21
Sirsa,top4_pollutant,CO (53),126.09617612977983,32,357,94,358,1,21
Sirsa,top5_pollutant,SO2 (4),126.09617612977983,32,357,94,358,1,21
Sivasagar,top1_pollutant,PM10 (729),47.90779363336992,453,0,0,458,0,0
Sivasagar,top2_pollutant,PM2.5 (137),47.90779363336992,453,0,0,458,0,0
Sivasagar,top3_pollutant,CO (18),47.90779363336992,453,0,0,458,0,0
Sivasagar,top4_pollutant,NO2 (13),47.90779363336992,453,0,0,458,0,0
Sivasagar,top5_pollutant,SO2 (13),47.90779363336992,453,0,0,458,0,0
Siwan,top1_pollutant,PM2.5 (349),181.22985468956406,16,356,122,141,31,91
Siwan,top2_pollutant,PM10 (201),181.22985468956406,16,356,122,141,31,91
Siwan,top3_pollutant,CO (109),181.22985468956406,16,356,122,141,31,91
Siwan,top4_pollutant,NO2 (77),181.22985468956406,16,356,122,141,31,91
Siwan,top5_pollutant,O3 (21),181.22985468956406,16,356,122,141,31,91
Solapur,top1_pollutant,PM10 (967),97.33978702807357,73,493,5,462,0,0
Solapur,top2_pollutant,PM2.5 (303),97.33978702807357,73,493,5,462,0,0
Solapur,top3_pollutant,O3 (102),97.33978702807357,73,493,5,462,0,0
Solapur,top4_pollutant,CO (28),97.33978702807357,73,493,5,462,0,0
Solapur,top5_pollutant,NO2 (13),97.33978702807357,73,493,5,462,0,0
Sonipat,top1_pollutant,PM10 (472),156.23897581792318,46,270,141,189,5,52
Sonipat,top2_pollutant,PM2.5 (204),156.23897581792318,46,270,141,189,5,52
Sonipat,top3_pollutant,NO2 (25),156.23897581792318,46,270,141,189,5,52
Sonipat,top4_pollutant,CO (1),156.23897581792318,46,270,141,189,5,52
Sonipat,top5_pollutant,O3 (1),156.23897581792318,46,270,141,189,5,52
Sri Ganganagar,top1_pollutant,PM10 (497),197.93935119887166,3,310,230,80,8,78
Sri Ganganagar,top2_pollutant,PM2.5 (179),197.93935119887166,3,310,230,80,8,78
Sri Ganganagar,top3_pollutant,O3 (16),197.93935119887166,3,310,230,80,8,78
Sri Ganganagar,top4_pollutant,CO (13),197.93935119887166,3,310,230,80,8,78
Sri Ganganagar,top5_pollutant,NO2 (4),197.93935119887166,3,310,230,80,8,78
Sri Vijaya Puram,top1_pollutant,PM10 (36),57.706896551724135,26,4,0,28,0,0
Sri Vijaya Puram,top2_pollutant,CO (10),57.706896551724135,26,4,0,28,0,0
Sri Vijaya Puram,top3_pollutant,NO2 (5),57.706896551724135,26,4,0,28,0,0
Sri Vijaya Puram,top4_pollutant,O3 (5),57.706896551724135,26,4,0,28,0,0
Sri Vijaya Puram,top5_pollutant,PM2.5 (2),57.706896551724135,26,4,0,28,0,0
Srinagar,top1_pollutant,PM10 (345),69.49543378995433,173,58,8,199,0,0
Srinagar,top2_pollutant,PM2.5 (59),69.49543378995433,173,58,8,199,0,0
Srinagar,top3_pollutant,NH3 (16),69.49543378995433,173,58,8,199,0,0
Srinagar,top4_pollutant,SO2 (14),69.49543378995433,173,58,8,199,0,0
Srinagar,top5_pollutant,NO2 (3),69.49543378995433,173,58,8,199,0,0
Suakati,top1_pollutant,PM10 (390),120.97371714643305,77,357,91,271,0,3
Suakati,top2_pollutant,PM2.5 (208),120.97371714643305,77,357,91,271,0,3
Suakati,top3_pollutant,O3 (191),120.97371714643305,77,357,91,271,0,3
Suakati,top4_pollutant,NO2 (6),120.97371714643305,77,357,91,271,0,3
Suakati,top5_pollutant,CO (4),120.97371714643305,77,357,91,271,0,3
Surat,top1_pollutant,PM2.5 (259),116.57142857142857,109,158,107,317,0,16
Surat,top2_pollutant,CO (206),116.57142857142857,109,158,107,317,0,16
Surat,top3_pollutant,PM10 (174),116.57142857142857,109,158,107,317,0,16
Surat,top4_pollutant,NO2 (48),116.57142857142857,109,158,107,317,0,16
Surat,top5_pollutant,SO2 (20),116.57142857142857,109,158,107,317,0,16
Talcher,top1_pollutant,PM2.5 (483),129.67991631799163,100,294,162,368,0,32
Talcher,top2_pollutant,CO (219),129.67991631799163,100,294,162,368,0,32
Talcher,top3_pollutant,PM10 (169),129.67991631799163,100,294,162,368,0,32
Talcher,top4_pollutant,O3 (39),129.67991631799163,100,294,162,368,0,32
Talcher,top5_pollutant,NO2 (23),129.67991631799163,100,294,162,368,0,32
Tensa,top1_pollutant,PM10 (491),96.836,129,263,32,323,0,3
Tensa,top2_pollutant,PM2.5 (154),96.836,129,263,32,323,0,3
Tensa,top3_pollutant,NO2 (64),96.836,129,263,32,323,0,3
Tensa,top4_pollutant,O3 (40),96.836,129,263,32,323,0,3
Tensa,top5_pollutant,CO (1),96.836,129,263,32,323,0,3
Thane,top1_pollutant,PM10 (788),109.29200819672131,140,435,60,341,0,0
Thane,top2_pollutant,O3 (211),109.29200819672131,140,435,60,341,0,0
Thane,top3_pollutant,PM2.5 (180),109.29200819672131,140,435,60,341,0,0
Thane,top4_pollutant,CO (80),109.29200819672131,140,435,60,341,0,0
Thane,top5_pollutant,NO2 (18),109.29200819672131,140,435,60,341,0,0
Thanjavur,top1_pollutant,PM10 (121),44.72222222222222,117,1,0,44,0,0
Thanjavur,top2_pollutant,PM2.5 (41),44.72222222222222,117,1,0,44,0,0
Thiruvananthapuram,top1_pollutant,PM10 (794),54.150268336314845,591,31,7,489,0,0
Thiruvananthapuram,top2_pollutant,CO (311),54.150268336314845,591,31,7,489,0,0
Thiruvananthapuram,top3_pollutant,PM2.5 (310),54.150268336314845,591,31,7,489,0,0
Thiruvananthapuram,top4_pollutant,NO2 (84),54.150268336314845,591,31,7,489,0,0
Thiruvananthapuram,top5_pollutant,O3 (83),54.150268336314845,591,31,7,489,0,0
Thoothukudi,top1_pollutant,PM10 (807),57.9411223551058,502,49,6,530,0,0
Thoothukudi,top2_pollutant,O3 (212),57.9411223551058,502,49,6,530,0,0
Thoothukudi,top3_pollutant,CO (56),57.9411223551058,502,49,6,530,0,0
Thoothukudi,top4_pollutant,NO2 (12),57.9411223551058,502,49,6,530,0,0
Thrissur,top1_pollutant,PM10 (695),64.6234067207416,236,83,0,544,0,0
Thrissur,top2_pollutant,PM2.5 (113),64.6234067207416,236,83,0,544,0,0
Thrissur,top3_pollutant,CO (26),64.6234067207416,236,83,0,544,0,0
Thrissur,top4_pollutant,O3 (26),64.6234067207416,236,83,0,544,0,0
Thrissur,top5_pollutant,NO2 (3),64.6234067207416,236,83,0,544,0,0
Tiruchirappalli,top1_pollutant,PM10 (179),61.35897435897436,78,7,0,109,0,1
Tiruchirappalli,top2_pollutant,CO (8),61.35897435897436,78,7,0,109,0,1
Tiruchirappalli,top3_pollutant,PM2.5 (5),61.35897435897436,78,7,0,109,0,1
Tiruchirappalli,top4_pollutant,SO2 (3),61.35897435897436,78,7,0,109,0,1
Tirumala,top1_pollutant,PM2.5 (66),75.77,21,17,0,62,0,0
Tirumala,top2_pollutant,PM10 (27),75.77,21,17,0,62,0,0
Tirumala,top3_pollutant,CO (4),75.77,21,17,0,62,0,0
Tirumala,top4_pollutant,O3 (3),75.77,21,17,0,62,0,0
Tirunelveli,top1_pollutant,CO (116),32.11013215859031,227,0,0,0,0,0
Tirunelveli,top2_pollutant,PM10 (79),32.11013215859031,227,0,0,0,0,0
Tirunelveli,top3_pollutant,PM2.5 (27),32.11013215859031,227,0,0,0,0,0
Tirunelveli,top4_pollutant,SO2 (5),32.11013215859031,227,0,0,0,0,0
Tirupati,top1_pollutant,PM2.5 (527),68.26290165530672,382,123,8,513,0,1
Tirupati,top2_pollutant,PM10 (406),68.26290165530672,382,123,8,513,0,1
Tirupati,top3_pollutant,CO (155),68.26290165530672,382,123,8,513,0,1
Tirupati,top4_pollutant,NO2 (139),68.26290165530672,382,123,8,513,0,1
Tirupati,top5_pollutant,O3 (53),68.26290165530672,382,123,8,513,0,1
Tiruppur,top1_pollutant,PM10 (571),77.38529411764706,196,153,10,321,0,0
Tiruppur,top2_pollutant,CO (53),77.38529411764706,196,153,10,321,0,0
Tiruppur,top3_pollutant,PM2.5 (27),77.38529411764706,196,153,10,321,0,0
Tiruppur,top4_pollutant,SO2 (26),77.38529411764706,196,153,10,321,0,0
Tiruppur,top5_pollutant,O3 (3),77.38529411764706,196,153,10,321,0,0
Tonk,top1_pollutant,PM10 (452),142.90461997019375,42,360,106,143,0,20
Tonk,top2_pollutant,PM2.5 (157),142.90461997019375,42,360,106,143,0,20
Tonk,top3_pollutant,O3 (62),142.90461997019375,42,360,106,143,0,20
Tumakuru,top1_pollutant,PM10 (448),102.66666666666667,102,302,9,181,0,0
Tumakuru,top2_pollutant,CO (87),102.66666666666667,102,302,9,181,0,0
Tumakuru,top3_pollutant,O3 (26),102.66666666666667,102,302,9,181,0,0
Tumakuru,top4_pollutant,PM2.5 (24),102.66666666666667,102,302,9,181,0,0
Tumakuru,top5_pollutant,NO2 (9),102.66666666666667,102,302,9,181,0,0
Tumidih,top1_pollutant,PM10 (317),91.34278350515464,84,133,12,159,0,0
Tumidih,top2_pollutant,O3 (30),91.34278350515464,84,133,12,159,0,0
Tumidih,top3_pollutant,PM2.5 (30),91.34278350515464,84,133,12,159,0,0
Tumidih,top4_pollutant,CO (9),91.34278350515464,84,133,12,159,0,0
Tumidih,top5_pollutant,NO2 (2),91.34278350515464,84,133,12,159,0,0
Udaipur,top1_pollutant,PM10 (769),110.0514440433213,52,534,55,465,0,2
Udaipur,top2_pollutant,PM2.5 (287),110.0514440433213,52,534,55,465,0,2
Udaipur,top3_pollutant,NO2 (27),110.0514440433213,52,534,55,465,0,2
Udaipur,top4_pollutant,CO (24),110.0514440433213,52,534,55,465,0,2
Udaipur,top5_pollutant,O3 (1),110.0514440433213,52,534,55,465,0,2
Udupi,top1_pollutant,CO (244),69.69789674952199,153,55,7,308,0,0
Udupi,top2_pollutant,PM10 (184),69.69789674952199,153,55,7,308,0,0
Udupi,top3_pollutant,O3 (74),69.69789674952199,153,55,7,308,0,0
Udupi,top4_pollutant,NO2 (16),69.69789674952199,153,55,7,308,0,0
Udupi,top5_pollutant,SO2 (3),69.69789674952199,153,55,7,308,0,0
Ujjain,top1_pollutant,PM10 (502),119.78947368421052,19,478,80,405,2,4
Ujjain,top2_pollutant,PM2.5 (254),119.78947368421052,19,478,80,405,2,4
Ujjain,top3_pollutant,O3 (183),119.78947368421052,19,478,80,405,2,4
Ujjain,top4_pollutant,CO (38),119.78947368421052,19,478,80,405,2,4
Ujjain,top5_pollutant,NO2 (11),119.78947368421052,19,478,80,405,2,4
Ulhasnagar,top1_pollutant,PM10 (341),118.73649754500818,48,278,62,219,0,4
Ulhasnagar,top2_pollutant,PM2.5 (211),118.73649754500818,48,278,62,219,0,4
Ulhasnagar,top3_pollutant,O3 (56),118.73649754500818,48,278,62,219,0,4
Ulhasnagar,top4_pollutant,CO (2),118.73649754500818,48,278,62,219,0,4
Ulhasnagar,top5_pollutant,NO2 (1),118.73649754500818,48,278,62,219,0,4
Vapi,top1_pollutant,PM2.5 (465),135.72324723247232,103,261,148,258,0,43
Vapi,top2_pollutant,CO (136),135.72324723247232,103,261,148,258,0,43
Vapi,top3_pollutant,PM10 (129),135.72324723247232,103,261,148,258,0,43
Vapi,top4_pollutant,SO2 (83),135.72324723247232,103,261,148,258,0,43
Varanasi,top1_pollutant,PM10 (943),67.12355555555555,414,159,1,551,0,0
Varanasi,top2_pollutant,PM2.5 (348),67.12355555555555,414,159,1,551,0,0
Varanasi,top3_pollutant,SO2 (211),67.12355555555555,414,159,1,551,0,0
Varanasi,top4_pollutant,O3 (200),67.12355555555555,414,159,1,551,0,0
Varanasi,top5_pollutant,NO2 (108),67.12355555555555,414,159,1,551,0,0
Vatva,top1_pollutant,PM10 (717),104.62948960302458,50,446,46,516,0,0
Vatva,top2_pollutant,PM2.5 (293),104.62948960302458,50,446,46,516,0,0
Vatva,top3_pollutant,NO2 (28),104.62948960302458,50,446,46,516,0,0
Vatva,top4_pollutant,CO (11),104.62948960302458,50,446,46,516,0,0
Vatva,top5_pollutant,O3 (9),104.62948960302458,50,446,46,516,0,0
Vellore,top1_pollutant,PM10 (251),73.65835411471322,124,65,5,207,0,0
Vellore,top2_pollutant,PM2.5 (125),73.65835411471322,124,65,5,207,0,0
Vellore,top3_pollutant,CO (16),73.65835411471322,124,65,5,207,0,0
Vellore,top4_pollutant,SO2 (7),73.65835411471322,124,65,5,207,0,0
Vellore,top5_pollutant,NO2 (1),73.65835411471322,124,65,5,207,0,0
Vijayapura,top1_pollutant,PM10 (871),50.35188866799205,766,50,0,190,0,0
Vijayapura,top2_pollutant,CO (78),50.35188866799205,766,50,0,190,0,0
Vijayapura,top3_pollutant,PM2.5 (35),50.35188866799205,766,50,0,190,0,0
Vijayapura,top4_pollutant,SO2 (22),50.35188866799205,766,50,0,190,0,0
Vijayawada,top1_pollutant,PM10 (434),71.9375,127,50,9,500,2,0
Vijayawada,top2_pollutant,PM2.5 (388),71.9375,127,50,9,500,2,0
Vijayawada,top3_pollutant,O3 (146),71.9375,127,50,9,500,2,0
Vijayawada,top4_pollutant,NO2 (61),71.9375,127,50,9,500,2,0
Vijayawada,top5_pollutant,CO (27),71.9375,127,50,9,500,2,0
Virar,top1_pollutant,PM10 (282),98.11386138613861,42,123,18,220,0,1
Virar,top2_pollutant,PM2.5 (83),98.11386138613861,42,123,18,220,0,1
Virar,top3_pollutant,O3 (33),98.11386138613861,42,123,18,220,0,1
Virar,top4_pollutant,CO (6),98.11386138613861,42,123,18,220,0,1
Virudhunagar,top1_pollutant,PM10 (215),60.50207468879668,112,31,0,98,0,0
Virudhunagar,top2_pollutant,CO (11),60.50207468879668,112,31,0,98,0,0
Virudhunagar,top3_pollutant,PM2.5 (7),60.50207468879668,112,31,0,98,0,0
Virudhunagar,top4_pollutant,SO2 (7),60.50207468879668,112,31,0,98,0,0
Virudhunagar,top5_pollutant,NO2 (1),60.50207468879668,112,31,0,98,0,0
Visakhapatnam,top1_pollutant,PM10 (802),116.10707456978967,61,471,91,415,0,8
Visakhapatnam,top2_pollutant,PM2.5 (203),116.10707456978967,61,471,91,415,0,8
Visakhapatnam,top3_pollutant,NO2 (19),116.10707456978967,61,471,91,415,0,8
Visakhapatnam,top4_pollutant,O3 (13),116.10707456978967,61,471,91,415,0,8
Visakhapatnam,top5_pollutant,CO (6),116.10707456978967,61,471,91,415,0,8
Vrindavan,top1_pollutant,PM10 (863),105.25187969924812,171,545,28,320,0,0
Vrindavan,top2_pollutant,SO2 (106),105.25187969924812,171,545,28,320,0,0
Vrindavan,top3_pollutant,PM2.5 (52),105.25187969924812,171,545,28,320,0,0
Vrindavan,top4_pollutant,CO (26),105.25187969924812,171,545,28,320,0,0
Vrindavan,top5_pollutant,O3 (17),105.25187969924812,171,545,28,320,0,0
Yadgir,top1_pollutant,PM10 (577),65.64788732394366,383,114,7,490,0,0
Yadgir,top2_pollutant,PM2.5 (269),65.64788732394366,383,114,7,490,0,0
Yadgir,top3_pollutant,CO (126),65.64788732394366,383,114,7,490,0,0
Yadgir,top4_pollutant,SO2 (14),65.64788732394366,383,114,7,490,0,0
Yadgir,top5_pollutant,O3 (7),65.64788732394366,383,114,7,490,0,0
Yamunanagar,top1_pollutant,PM10 (467),137.23972602739727,50,415,143,252,0,16
Yamunanagar,top2_pollutant,PM2.5 (367),137.23972602739727,50,415,143,252,0,16
Yamunanagar,top3_pollutant,CO (35),137.23972602739727,50,415,143,252,0,16
Yamunanagar,top4_pollutant,O3 (7),137.23972602739727,50,415,143,252,0,16
